Timestamp,Sensor_ID,Temperature,Pressure,Vibration,Network_Latency,Edge_Processing_Time,Maintenance_Status,Fuzzy_PID_Output,Predicted_Failure,Latency_Norm,EdgeTime_Norm,Vibration_Norm,Temperature_Norm,Edge_Efficiency_Score
4/4/2024 19:25,S1,89.26358087,101.8372823,20.15940427,11.61142075,14.46533435,Normal,0.83,0,4.034684439,95.9456983,0.530424868,73.07708784,57.61959353
4/5/2024 13:25,S4,70.90496003,90.42945833,28.98150121,22.25661797,12.33514998,Normal,0.75,0,30.70852933,79.53351819,29.95076949,26.93977754,54.22869019
4/5/2024 13:40,S2,67.24597398,112.214284,27.69389183,27.05998989,3.891701276,Normal,0.89,0,42.74441695,14.48027549,25.65678905,17.74432783,74.3484065
4/5/2024 7:00,S5,87.58107004,103.3213125,35.01078339,37.68202212,6.766825436,Normal,0.8,0,69.36021695,36.63190527,50.05750382,68.84874602,48.50925705
4/4/2024 10:15,S2,77.83610826,115.7502503,42.45067561,31.65497684,7.648902523,Normal,0.7,0,54.25815094,43.4279405,74.86840702,44.35854441,50.1437525
4/5/2024 8:30,S5,73.08132646,106.0015989,45.14464925,36.7687612,2.127758183,Warning,0.7,0,67.07184411,0.889831334,83.85239727,32.40923488,60.39463052
4/5/2024 4:10,S4,61.66291436,112.6864084,42.86907874,33.974389,14.67375555,Normal,0.7,0,60.06993997,97.55149649,76.26371748,3.713461551,33.02159346
4/4/2024 18:45,S4,92.59300455,100.3566943,33.92715559,41.3387824,13.62113564,Warning,0.52,1,78.52302103,89.44150012,46.44377079,81.44430969,21.10142101
4/5/2024 23:35,S3,97.47831292,102.495133,26.13345117,16.73114354,3.688141174,Normal,0.88,0,16.86325762,12.91193,20.45295801,93.72164742,77.13857589
4/3/2024 11:20,S4,99.37608723,106.8198028,22.35367449,34.91013613,14.50015952,Normal,0.71,0,62.41465686,96.21401165,7.847980602,98.49097093,33.45367184
4/5/2024 19:35,S2,92.01426031,98.28508673,28.57122703,17.31253554,13.58081793,Normal,0.81,0,18.32006107,89.13086901,28.58256782,79.98985934,50.10580336
4/3/2024 6:20,S1,85.75998173,105.1755808,46.77674682,16.27250821,4.556946565,Normal,0.81,0,15.71404757,19.60571235,89.29519317,64.27214317,67.81659073
4/5/2024 5:00,S1,79.55386321,119.5203949,42.70190501,29.00359491,10.79933959,Warning,0.6,1,47.61453987,67.70074111,75.70621867,48.67545874,38.41617298
4/6/2024 9:05,S5,75.77905114,110.38861,23.49749224,23.82318343,13.85870708,Normal,0.86,0,34.63389805,91.27188875,11.66243793,39.18892502,50.26471643
4/6/2024 6:10,S1,65.22841507,118.2817296,27.39975847,27.22143284,10.80261543,Normal,0.54,1,43.14894719,67.72598008,24.67589927,12.67397193,51.22499337
4/6/2024 2:55,S3,62.72689238,105.5709684,20.90311617,45.19658507,6.023013494,Warning,0.84,0,88.18958031,30.90114519,3.010590347,6.38735978,57.22792155
4/3/2024 23:20,S2,75.37306589,97.16388634,48.40201187,27.16249477,9.984421176,Normal,0.79,0,43.00126511,61.42213542,94.71520363,38.16863771,45.4276655
4/6/2024 1:35,S3,87.79804356,105.4758571,31.76280731,35.25503911,4.286573684,Normal,0.53,1,63.27888589,17.52260233,39.22600013,69.39402524,53.89617658
4/5/2024 15:25,S3,76.44113879,98.98697034,34.63502956,37.16266418,11.56696528,Normal,0.75,0,68.05885326,73.61497622,48.80442224,40.85282687,39.00821366
4/4/2024 2:35,S3,83.20344831,94.5631285,46.3241014,23.63834286,10.20001546,Warning,0.95,0,34.17073999,63.08319927,87.78568988,57.8472828,47.0085395
4/4/2024 21:45,S2,77.01973338,110.0571794,41.49191336,24.12411556,8.988021867,Normal,0.63,1,35.38794859,53.74529526,71.67108148,42.30690113,48.82201232
4/3/2024 14:30,S4,86.54684661,90.72575292,31.4155313,48.95201653,8.176304429,Warning,0.6,1,97.59962639,47.49135172,38.06788773,66.24962447,31.88301206
4/4/2024 6:55,S4,80.29870935,93.78794225,23.16179654,13.79861101,3.694590691,Failure,0.73,1,9.515162863,12.96162083,10.54294411,50.54734213,80.49694988
4/4/2024 19:55,S1,68.76855949,99.28118154,37.51140763,29.25111805,14.98430817,Normal,0.85,0,48.23476264,99.9441746,58.3967034,21.57075907,37.22079055
4/3/2024 17:30,S3,87.69106258,103.4921953,47.18261181,24.44298905,12.09837968,Normal,0.77,0,36.18695513,77.70930203,90.64869087,69.12516983,39.62648938
4/3/2024 19:35,S2,83.85079514,106.9599076,32.55001592,20.82575768,8.922121802,Normal,0.64,1,27.12319928,53.23756281,41.85122052,59.47413928,54.64863626
4/3/2024 8:25,S1,95.85343274,95.64074204,28.47417279,43.31718862,5.873704061,Normal,0.5,1,83.48034588,29.75077843,28.25890677,89.638138,42.16645668
4/6/2024 10:10,S5,78.45909858,119.4357759,20.32433251,32.2219828,9.748566741,Normal,0.94,0,55.67890706,59.60497559,1.080435332,45.92419024,54.89615675
4/6/2024 3:10,S5,98.52460446,113.2197413,47.99615263,15.53486379,14.79316303,Warning,0.67,1,13.86571987,98.47148124,93.36172513,96.35109752,32.04261109
4/6/2024 6:55,S4,60.44125058,94.22408847,21.66816565,49.77321211,14.89111646,Warning,0.65,1,99.65730958,99.22617145,5.56191342,0.643280974,24.49216653
4/4/2024 4:50,S3,87.1206461,111.307284,37.53346729,13.77675591,9.562379857,Normal,0.89,0,9.460400175,58.17048348,58.470269,67.6916481,60.78948556
4/3/2024 11:35,S5,70.89229306,114.14967,25.01963912,31.85834167,6.57144834,Warning,0.74,0,54.76772553,35.12660642,16.73856509,26.907944,63.33540465
4/5/2024 3:45,S2,64.88439656,91.16988038,39.63026016,10.96020179,6.1032318,Failure,0.59,1,2.40291444,31.5191937,65.46275268,11.80941413,72.12690783
4/4/2024 17:35,S1,68.00600977,90.22992098,21.99694184,21.85303208,3.747634556,Warning,0.99,0,29.69725755,13.37030164,6.658331742,19.65438454,81.96216607
4/4/2024 6:50,S2,93.28536712,109.0242641,47.81331887,19.61196494,4.71826574,Normal,0.93,0,24.08177894,20.84860916,92.75200247,83.18429588,62.04313421
4/3/2024 16:30,S5,74.43895588,112.5412526,23.95145086,29.70141523,2.88972922,Normal,0.96,0,49.36307965,6.76049965,13.17632053,35.82111261,74.7981879
4/5/2024 9:15,S1,60.23034642,94.46387908,47.63922537,32.81147755,11.45124085,Normal,0.75,0,57.15601371,72.72336785,92.17142726,0.113254746,40.70517689
4/5/2024 0:40,S3,66.5409549,114.6726712,31.05041641,12.48165668,4.916978737,Normal,0.72,0,6.215248844,22.37960974,36.85028541,15.97253439,82.86700325
4/6/2024 3:05,S1,65.40665157,99.35591574,40.0360372,30.31031353,7.271131792,Normal,0.84,0,50.88880609,40.51737494,66.81595706,13.12190059,56.67325302
4/3/2024 4:55,S2,67.62750883,97.56723061,35.17873723,13.07212193,4.496209102,Warning,0.66,1,7.694787295,19.13775559,50.61760422,18.70316846,76.14565251
4/4/2024 3:20,S2,86.20967923,119.5233096,41.98200424,41.68764779,13.86641041,Warning,0.71,0,79.39717875,91.33123966,73.30545966,65.40228432,22.70900617
4/3/2024 8:00,S5,93.20879458,114.0021291,43.13368448,37.09752285,9.9275659,Normal,0.97,0,67.89562756,60.98408928,77.14613717,82.99186035,35.02099249
4/4/2024 2:00,S2,87.84082472,98.30713462,37.68361968,45.61537283,11.96574728,Normal,0.94,0,89.23894367,76.68742482,58.97100427,69.50153919,26.12996647
4/6/2024 9:10,S4,78.37787074,92.28717654,36.40087046,10.27929048,10.23132277,Normal,0.75,0,0.696743806,63.32440902,54.69323171,45.72005538,64.81660622
4/4/2024 0:55,S1,67.06112128,113.7856326,40.17381494,28.61347736,7.692698533,Warning,0.8,0,46.63701593,43.76537045,67.27542476,17.27977189,56.53987387
4/3/2024 23:05,S3,60.71495739,116.3349023,28.13288761,34.1260048,3.110239392,Normal,0.54,1,60.44984617,8.459438346,27.12077287,1.331137444,66.68052075
4/6/2024 5:00,S3,65.68997475,116.9568181,30.30160107,23.8006736,3.360585725,Warning,0.78,0,34.57749478,10.38825219,34.3531007,13.8339241,77.72563105
4/5/2024 2:05,S4,69.9485709,90.7634328,45.34614043,13.08750121,7.952703837,Normal,0.95,0,7.7333234,45.76860262,84.52433956,24.53626247,66.14204871
4/4/2024 12:35,S1,74.74105375,107.7966471,27.02610113,22.63092605,2.095589579,Warning,0.74,0,31.64643921,0.641985686,23.42980915,36.58031905,81.52654801
4/5/2024 21:45,S2,91.81799843,95.00859266,30.53658162,44.45672184,4.447018597,Normal,0.99,0,86.33569292,18.75876331,35.13672493,79.49663083,49.9967685
4/4/2024 23:30,S2,88.63299859,93.69009885,29.73535401,13.20422906,9.947441531,Normal,0.75,0,8.025810297,61.13722271,32.46475332,71.49236257,63.77398919
4/6/2024 1:15,S3,72.18716556,98.62228789,28.43149251,45.45521448,2.434506442,Warning,0.79,0,88.83763225,3.253198435,28.11657454,30.16210645,60.53451243
4/3/2024 21:45,S3,76.07723654,102.3529662,22.30938401,11.60555436,5.597803715,Normal,0.62,1,4.019984936,27.62508159,7.70027863,39.93829898,78.77535502
4/5/2024 0:10,S2,69.88924298,110.1889987,44.44819186,30.46829788,8.294249418,Normal,0.56,1,51.28467007,48.40006855,81.52981833,24.38716461,45.44215227
4/3/2024 1:55,S1,73.40788967,101.4581892,30.71088032,29.09401592,4.589855916,Normal,0.85,0,47.84110928,19.85926515,35.71798444,33.22992549,67.62417874
4/3/2024 2:30,S3,73.85383977,91.2585367,41.86584327,28.66772484,10.98620663,Normal,0.6,1,46.77294472,69.14047356,72.91808057,34.35064903,40.05752661
4/5/2024 3:25,S2,62.28347424,90.8261016,30.81280481,35.67278067,2.671545642,Normal,0.91,0,64.32562777,5.07948639,36.05788705,5.272999387,69.77222705
4/3/2024 0:50,S4,97.37468059,109.8411183,42.71930621,27.24935479,3.012134755,Normal,0.87,0,43.21891169,7.703583126,75.76424902,93.46120754,61.46636871
4/3/2024 18:25,S1,82.71780922,116.9950004,32.13582157,45.82759777,6.186877958,Normal,0.54,1,89.77071916,32.16365238,40.46994567,56.62681631,40.58979648
4/5/2024 20:20,S1,99.76557445,100.8070176,36.70354733,42.35305294,13.40256608,Normal,0.66,1,81.06449532,87.75751303,55.70261279,99.46979679,17.60992548
4/4/2024 0:40,S5,84.3094718,96.11299377,31.97105953,29.1411348,12.84413341,Normal,0.84,0,47.95917581,83.45502273,39.92048946,60.62684609,41.95427249
4/3/2024 4:30,S3,62.6830591,98.57720368,39.69893221,26.70667983,14.75634851,Normal,0.61,1,41.85912216,98.18784071,65.69176346,6.277201743,35.5020783
4/4/2024 21:10,S2,62.88793636,93.63075001,37.91465918,25.32861464,13.82474008,Normal,0.83,0,38.40608165,91.01018726,59.74148567,6.792081699,45.06387486
4/3/2024 17:25,S4,86.35133467,112.7819479,44.9849113,20.72697471,3.145747603,Failure,0.69,1,26.87567717,8.733014265,83.31969564,65.75828062,63.46317559
4/5/2024 2:20,S3,66.68167632,100.218125,22.01767742,14.93135117,5.171938931,Normal,0.53,1,12.35348843,24.34397145,6.727481737,16.32618337,79.51414845
4/5/2024 9:40,S4,75.54232405,107.6619457,20.95231296,41.20850594,9.925864808,Normal,0.8,0,78.19658517,60.97098308,3.174654137,38.5940028,46.95575271
4/5/2024 7:10,S1,68.6270061,104.666935,40.91407418,26.63274272,14.69393488,Normal,0.61,1,41.67385673,97.70696984,69.74407615,21.21501922,33.63359736
4/6/2024 0:10,S4,96.77567893,96.47222038,21.50729029,28.43593353,12.56706263,Normal,0.89,0,46.19214145,81.32030821,5.025418703,91.95584797,45.42124502
4/3/2024 5:50,S1,66.20960984,91.29521207,35.50095156,26.52690069,6.627451055,Warning,0.7,0,41.40864662,35.55808393,51.69213974,15.13982641,63.79384071
4/4/2024 21:15,S4,61.22610009,102.5684337,39.62398211,18.65331111,2.080389694,Normal,0.77,0,21.67966434,0.524876927,65.44181633,2.615697407,82.15056837
4/3/2024 8:55,S4,83.32166244,91.05934065,32.49697485,20.0467707,5.999828163,Normal,0.82,0,25.17127886,30.72251191,41.67433667,58.14436839,68.37158589
4/4/2024 17:05,S1,63.14313989,95.88293138,26.10418227,42.12047526,11.36593764,Normal,0.92,0,80.48172162,72.06614226,20.35535071,7.4334373,42.81160131
4/5/2024 1:10,S1,90.93892503,101.1351727,27.3019005,48.39164082,7.791731588,Normal,0.55,1,96.19548378,44.52837874,24.34955788,77.28741899,34.36547254
4/5/2024 13:45,S5,87.24471416,94.28550862,30.65959245,34.61683119,13.4026583,Warning,0.68,1,61.67971788,87.75822359,35.54694725,68.00344529,30.56433387
4/4/2024 0:20,S1,99.64674505,114.6630948,37.4877817,43.97785625,9.498502955,Warning,0.65,1,85.13579156,57.67833865,58.31791454,99.17116493,26.35025075
4/4/2024 0:05,S4,78.69606045,104.9343752,40.40335656,12.39773203,8.563848866,Normal,0.51,1,6.00495749,50.4772196,68.04091098,46.51970246,60.37313112
4/5/2024 6:20,S3,97.78456878,91.72942747,37.79474657,23.36770857,9.082414109,Normal,0.83,0,33.49260722,54.47254802,59.34159545,94.49130335,50.86182601
4/3/2024 3:15,S2,76.75701798,109.6943582,47.58593074,22.13143563,3.136804523,Normal,0.58,1,30.3948579,8.664111578,91.99369783,41.64666734,63.36563928
4/5/2024 1:05,S1,73.00760257,107.4659624,46.37557318,32.31494703,8.644219679,Normal,0.66,1,55.91184905,51.09644312,87.95734039,32.22395831,41.13110085
4/4/2024 1:35,S4,97.11009133,110.8769735,33.02062918,16.98588744,6.321546998,Failure,0.81,1,17.50157357,33.20122105,43.42064379,92.79626451,61.46129887
4/5/2024 8:35,S5,86.70373542,116.0990748,44.08432804,29.35210159,7.319373637,Failure,0.75,1,48.48779876,40.88905818,80.31638815,66.64390396,45.00625145
4/3/2024 5:30,S2,80.97561077,95.32286308,48.51377512,24.93831781,2.89748018,Normal,0.98,0,37.42810849,6.820217554,95.08791698,52.24847269,65.02505107
4/3/2024 22:55,S3,69.34431004,105.5815758,38.30022251,37.05934998,11.62862655,Normal,0.72,0,67.79997718,74.09005054,61.02728044,23.01768593,38.88262964
4/3/2024 5:35,S2,77.63050988,106.3508076,37.44866879,20.21345495,6.352257545,Normal,0.54,1,25.58894231,33.43783297,58.18747895,43.84185221,61.22832159
4/4/2024 2:30,S2,83.71759739,109.6287766,25.97811009,34.03648023,5.707675435,Normal,0.76,0,60.22552296,28.47159726,19.93491926,59.13939814,60.05183022
4/4/2024 21:40,S1,89.70826085,118.2517713,34.2176366,33.52001854,14.48970194,Normal,0.76,0,58.93141646,96.13344036,47.41248055,74.1946194,31.19596609
4/6/2024 11:10,S4,61.66691602,103.1098766,20.97330338,21.92264805,8.537381761,Normal,0.86,0,29.87169542,50.27330162,3.24465398,3.723518184,71.09020112
4/5/2024 11:30,S3,92.51942955,91.87372781,30.0583715,16.97637068,3.732695355,Normal,0.92,0,17.47772729,13.25520134,33.54196729,81.25940731,76.08623916
4/5/2024 14:45,S3,85.32605502,91.98029532,36.90225093,41.94623121,3.763599073,Normal,0.85,0,80.04511546,13.49330157,56.36525894,63.18163581,52.48860162
4/4/2024 3:15,S5,92.38064299,102.5328294,33.7682155,46.01056445,8.313245879,Failure,0.94,1,90.22918176,48.54642835,45.91372987,80.91062084,31.4504149
4/4/2024 7:50,S1,90.4411161,110.8245172,44.42377057,23.07764097,8.998720327,Normal,0.61,1,32.7657801,53.82772242,81.44837707,76.03636832,44.87138072
4/4/2024 13:35,S4,61.30104718,114.9412054,32.35874285,14.8178936,13.23676146,Warning,0.93,0,12.06919593,86.48005778,41.21335407,2.804048005,59.04535329
4/4/2024 19:30,S4,63.26519928,102.6548454,44.13483927,26.21691301,3.856585958,Normal,0.72,0,40.63190541,14.20972665,80.48483537,7.740186496,67.95868483
4/3/2024 18:10,S1,88.2230069,105.9726205,38.63877347,35.66017925,4.55433057,Normal,0.75,0,64.29405218,19.58555721,62.15629613,70.46200665,54.27249163
4/5/2024 17:35,S4,79.87067435,103.4804923,45.79384024,40.63434576,11.11948832,Normal,0.56,1,76.7579026,70.16735327,86.01734999,49.47164131,25.72639382
4/4/2024 12:20,S2,68.52418816,117.0868499,27.36056942,24.34486328,11.11426864,Normal,0.52,1,35.94107977,70.12713779,24.54520979,20.95662601,52.09867979
4/5/2024 15:40,S2,74.13685517,113.8354663,29.19390404,38.80629844,6.432505657,Normal,0.87,0,72.17733452,34.05611113,30.65910046,35.06189904,54.71323905
4/3/2024 7:20,S4,91.99664341,94.80214905,22.07022778,45.44727089,3.428220479,Normal,0.97,0,88.81772786,10.90934969,6.902729152,79.94558607,56.06555488
4/3/2024 5:15,S2,62.62834558,111.8547203,25.25665316,43.34576042,13.53709622,Normal,0.82,0,83.55193869,88.79401155,17.52897069,6.139700424,36.43560177
4/5/2024 20:50,S2,82.49187264,103.0145226,26.54622604,15.86780456,12.66659756,Normal,0.58,1,14.69997501,82.0871832,21.82949908,56.05901187,52.24416858
4/5/2024 11:40,S2,98.22094784,103.4495717,49.260294,13.65687967,13.28012727,Warning,0.51,1,9.160024334,86.81417321,97.57744335,95.58797375,37.21361698
4/4/2024 5:15,S2,86.33807339,100.733948,39.99389143,26.08108868,13.69023594,Normal,0.61,1,40.29156816,89.97388904,66.67540735,65.72495351,32.83328353
4/6/2024 6:00,S1,81.08165856,91.73533348,33.40143582,38.96116755,10.52566998,Failure,0.5,1,72.56539259,65.59223116,44.69057571,52.51498288,34.68974704
4/3/2024 21:20,S1,97.56270794,94.9732362,28.05601268,42.93092851,4.415100411,Normal,0.96,0,82.51248758,18.51284703,26.86440673,93.93374174,51.2180977
4/5/2024 4:55,S1,80.62384114,114.8012208,49.72037471,31.87715504,3.151518415,Failure,0.73,1,54.8148665,8.777475964,99.11174217,51.36443545,52.73947527
4/5/2024 5:40,S5,98.79648184,106.6113446,30.25715834,44.97229337,7.984277658,Normal,0.82,0,87.62756892,46.01186572,34.20489101,97.03435642,38.39202858
4/4/2024 22:10,S5,94.68125984,109.0828814,26.44737911,41.37621893,11.53108492,Normal,0.66,1,78.61682635,73.33853299,21.49985969,86.69233368,29.92141191
4/6/2024 7:55,S1,92.06148448,98.71513517,25.71829499,44.641427,6.976834132,Normal,0.87,0,86.79851165,38.24993449,19.06847561,80.10853906,45.3619186
4/3/2024 14:00,S1,71.54774947,107.1561681,45.69611671,10.45210146,8.273816064,Normal,0.65,1,1.129759128,48.2426381,85.69145695,28.5551808,62.01042435
4/6/2024 4:25,S1,78.39201695,101.1521788,38.68068623,40.08457331,14.29429641,Warning,0.72,0,75.38032878,94.62792246,62.29606877,45.75560643,26.57714111
4/4/2024 20:00,S5,99.03461023,114.7137115,43.45879931,42.38700145,2.714561989,Normal,0.53,1,81.14956066,5.410909357,78.23034546,97.63280025,43.20600365
4/5/2024 20:35,S3,89.22602041,99.40043753,25.2536942,44.34792485,4.502410958,Warning,0.72,0,86.06307851,19.1855383,17.51910301,72.98269411,53.23684925
4/6/2024 10:05,S3,96.07047969,115.3094899,29.80384118,17.48497082,7.267562853,Normal,0.52,1,18.75213496,40.48987775,32.69314756,90.18360175,60.34296324
4/5/2024 20:00,S1,81.31831146,97.40471608,31.2364473,29.44694616,12.67637246,Normal,0.95,0,48.72545235,82.1624948,37.47066998,53.10971865,43.25764613
4/3/2024 7:10,S1,60.78842151,109.0887406,26.21227428,48.32472036,12.41220338,Normal,0.66,1,96.02780009,80.12718243,20.71582101,1.515761167,30.08680685
4/4/2024 12:00,S4,99.35910592,98.91713423,23.16036453,28.64726365,3.972657868,Warning,0.97,0,46.72167478,15.10401219,10.53816858,98.44829496,66.93545478
4/3/2024 15:20,S2,73.36975563,95.58304254,33.12983984,43.29454159,14.7046897,Normal,0.6,1,83.42359883,97.78983122,43.78484466,33.13409031,21.69416375
4/6/2024 9:30,S3,91.47613545,106.3973143,39.75984065,23.49322435,2.365579582,Normal,0.67,1,33.80711418,2.722145792,65.89488378,78.63749012,64.46677743
4/4/2024 20:30,S3,82.21454204,97.72821661,38.61421355,21.2133901,5.364301309,Normal,0.61,1,28.09449618,25.82604316,62.07439255,55.36204842,61.28044751
4/4/2024 0:30,S4,97.70927097,113.2683555,33.50762738,39.36605036,2.473993661,Normal,0.55,1,73.57991407,3.557430952,45.04470835,94.30207135,51.81501585
4/6/2024 2:20,S2,84.25011751,104.7859375,21.98495567,31.77029348,3.905989243,Normal,0.65,1,54.54710175,14.5903583,6.61835969,60.477682,63.76136683
4/4/2024 11:25,S2,66.04231567,106.2209543,24.84088403,34.54551612,8.166012643,Warning,0.62,1,61.50102253,47.41205781,16.14244419,14.71939707,52.98711554
4/5/2024 11:25,S3,90.59533046,116.7927062,21.87182206,47.6589695,8.031810427,Normal,0.97,0,94.35961728,46.37808583,6.241076405,76.42392662,42.16324979
4/3/2024 21:40,S2,90.68753156,103.8688668,38.10911602,42.73521699,7.690318724,Normal,0.9,0,82.02209003,43.74703502,60.38996949,76.6556385,39.25674696
4/3/2024 19:45,S4,64.82267543,119.1601599,23.04118693,49.70327182,9.807581561,Normal,0.79,0,99.48205905,60.05966011,10.14072948,11.65430189,41.47385868
4/4/2024 22:35,S4,94.93692952,93.61675249,22.30915008,34.20358074,7.273388373,Failure,0.88,1,60.64422946,40.53476095,7.699498507,87.33486077,49.69894251
4/5/2024 0:35,S1,83.71803406,113.9514102,40.96846485,30.22786975,5.097765717,Warning,0.54,1,50.68222537,23.77249785,69.92546074,59.14049553,52.53797821
4/4/2024 13:05,S4,91.06387411,91.040108,32.86833,25.83748905,7.469575313,Normal,0.95,0,39.68117659,42.04629931,42.91274932,77.60143031,57.19832801
4/6/2024 0:15,S5,79.87853932,110.334396,21.04734658,43.14835935,9.523834193,Warning,0.75,0,83.05730761,57.87350525,3.491576727,49.49140686,45.2013383
4/5/2024 18:40,S3,70.96642666,98.14228141,26.89480177,39.80858971,6.618691665,Normal,0.6,1,74.68879215,35.49059649,22.99194587,27.09425021,50.27899707
4/5/2024 1:55,S5,93.15533464,100.3763238,49.8847302,43.68661507,6.836566382,Normal,0.53,1,84.40602376,37.1692301,99.65984262,82.8575094,29.21393381
4/5/2024 22:45,S3,90.21081682,100.801514,24.63476612,39.67910918,5.564767559,Normal,0.84,0,74.36435068,27.37055182,15.45507247,75.45759993,54.52876326
4/3/2024 22:05,S1,99.36333877,105.3750795,22.76200958,18.41274225,13.99438681,Normal,0.76,0,21.07686703,92.3172444,9.209715713,98.4589326,49.08471038
4/6/2024 10:55,S2,89.49735075,119.434312,22.0170254,48.13611518,10.61717724,Normal,0.61,1,95.555209,66.29725638,6.725307362,73.66457824,29.97638319
4/4/2024 20:05,S5,73.47583167,118.6518153,42.55240977,48.02131284,9.521043637,Normal,0.6,1,95.26754691,57.85200518,75.2076749,33.40067151,26.78693838
4/3/2024 4:35,S1,89.99841882,114.4784082,27.21196739,14.65433941,6.961014488,Failure,0.97,1,11.65937551,38.12805075,24.04964471,74.9238195,66.47457215
4/3/2024 10:00,S2,71.77863038,116.5858734,42.25688981,39.13483417,6.261896585,Failure,0.69,1,73.00055189,32.74163955,74.222161,29.13541089,43.94336776
4/3/2024 17:55,S3,99.50672032,91.8795961,28.62898187,25.67642252,11.18585368,Warning,0.9,0,39.27758955,70.67867061,28.77517139,98.81926681,47.31710656
4/3/2024 2:05,S3,60.18528092,93.64159254,26.86030339,24.50239186,5.756590824,Normal,0.76,0,36.33580172,28.84846989,22.87689903,0.0,73.75397008
4/3/2024 6:00,S5,94.47142484,93.9518632,28.47488198,36.32639297,9.75407198,Warning,0.79,0,65.96339481,59.64739116,28.2612718,86.16499435,43.18053471
4/3/2024 3:40,S2,60.52377826,101.1650107,31.77374559,31.26288611,14.42344307,Normal,0.96,0,53.27568279,95.62294353,39.26247762,0.850682472,41.9110409
4/3/2024 20:35,S1,85.03565506,93.44306616,32.10803007,34.77559877,10.66691347,Normal,0.58,1,62.07754441,66.68045328,40.37726527,62.45182754,37.63292826
4/5/2024 12:05,S3,95.92122196,104.305304,31.56792778,45.86298634,11.98094003,Warning,0.62,1,89.85939288,76.8044786,38.57610669,89.80850004,21.90037898
4/3/2024 23:25,S5,87.18589131,103.5371803,23.17717413,21.03690778,5.075927175,Normal,0.82,0,27.65228153,23.60424101,10.59422602,67.85561675,73.68552153
4/6/2024 2:25,S4,90.59239204,102.1286924,20.57466457,49.03115274,10.39706261,Normal,0.92,0,97.79791928,64.60136517,1.915254474,76.41654202,35.23130807
4/6/2024 4:10,S4,66.08099413,113.1942562,20.30853488,26.75879095,4.193742699,Normal,0.52,1,41.98969784,16.8073784,1.027752647,14.81660044,72.78520038
4/5/2024 19:30,S4,62.70450254,91.40555726,44.77132855,43.84496842,13.3060465,Normal,0.59,1,84.80281235,87.01387004,82.6074298,6.331091576,21.83993753
4/3/2024 20:20,S3,81.5796517,115.5184817,25.38094046,44.64406182,11.90875676,Normal,0.89,0,86.80511375,76.24833666,17.94344982,53.7664965,34.86312523
4/5/2024 20:30,S2,82.31133669,115.2813571,43.87779161,22.0986527,9.157418249,Normal,0.99,0,30.31271316,55.05042357,79.62762072,55.60530444,52.61822859
4/4/2024 2:45,S2,95.09843451,108.4589408,20.41236662,26.26362149,8.266225417,Failure,0.53,1,40.74894363,48.18415534,1.374015635,87.74074123,54.89323889
4/5/2024 5:35,S3,86.93729733,94.6243513,47.8741856,19.62682059,12.96956723,Normal,0.56,1,24.11900299,84.42143788,92.95498372,67.2308717,36.34451097
4/3/2024 13:10,S1,76.750821,119.9504253,47.62983563,19.25900855,7.854555015,Normal,0.91,0,23.19737035,45.01240698,92.14011393,41.63109361,58.14245148
4/6/2024 9:25,S2,98.21338746,103.7899461,41.99000322,42.75477082,11.35204602,Normal,0.66,1,82.07108639,71.95911316,73.33213501,95.56897366,20.53271254
4/4/2024 11:45,S4,85.54103791,104.063039,46.72566605,39.20886871,2.746093968,Normal,0.99,0,73.18606144,5.653850074,89.1248466,63.72191234,52.66511275
4/6/2024 6:25,S5,67.78490047,106.33447,42.53531411,23.9532763,5.459317791,Normal,0.6,1,34.95987386,26.55810544,75.15066347,19.09871164,60.28623656
4/4/2024 14:30,S5,62.56835748,99.50839763,31.7557812,24.18914227,7.423135627,Warning,0.86,0,35.55088709,41.68850094,39.20256912,5.988943494,66.48693447
4/4/2024 1:45,S5,66.95580997,99.50285031,33.03209957,36.55297899,3.386107046,Normal,0.53,1,66.53115511,10.5848833,43.45889579,17.01511254,59.78904093
4/5/2024 10:05,S2,62.92783695,101.5962152,46.4874445,41.84974438,5.570656307,Normal,0.78,0,79.80334682,27.41592216,88.33041413,6.892356441,48.53445809
4/3/2024 5:00,S2,61.46198671,112.6512579,26.62558349,24.1866482,3.898273251,Normal,0.81,0,35.54463766,14.53090981,22.09414405,3.20850743,78.83858604
4/6/2024 1:40,S1,73.84398906,98.0277803,42.52308948,20.82237026,5.059982405,Normal,0.97,0,27.11471136,23.48139322,75.10989619,34.32589307,67.59228966
4/5/2024 1:35,S5,62.93986989,95.00580605,46.93757561,31.65080444,9.399684021,Normal,0.51,1,54.2476961,56.91698007,89.83153258,6.922596599,41.92537379
4/5/2024 15:55,S5,70.99224142,92.18705506,32.55821825,11.96883658,5.62869612,Normal,0.86,0,4.930267135,27.86309466,41.87857402,27.15912564,79.5246247
4/5/2024 6:05,S2,67.08599158,99.06999748,39.48526789,49.12882674,4.588214459,Normal,0.85,0,98.04266262,19.84661841,64.97922561,17.34227378,47.25764042
4/5/2024 6:10,S2,87.70503809,97.78004692,44.13242179,17.23567606,6.521690517,Failure,0.78,1,18.127473,34.74324319,80.47677344,69.16029188,57.50770413
4/6/2024 0:05,S5,80.62717711,116.4047021,35.03826934,34.17251929,3.373454491,Normal,0.81,0,60.56639827,10.48740065,50.14916527,51.37281911,62.47151368
4/5/2024 7:40,S2,99.97654903,108.6198144,25.38068031,37.01824181,5.468329143,Warning,0.69,1,67.69697177,26.62753414,17.94258226,100.0,49.29503559
4/4/2024 0:50,S4,69.22679247,98.61413874,25.65621817,23.27886019,2.586967737,Normal,0.68,1,33.26997838,4.427848986,18.86145891,22.72235085,76.7043065
4/5/2024 9:25,S3,74.65846139,119.4296213,37.78520542,39.69085569,14.83579014,Normal,0.84,0,74.3937841,98.7999053,59.30977715,36.37275503,26.84846664
4/4/2024 2:10,S2,92.633325,94.22134584,39.13064741,32.55678267,14.61096794,Failure,0.86,1,56.51782058,97.0677442,63.79662051,81.54563958,23.52099529
4/4/2024 1:50,S1,75.84968076,115.7153777,41.70343454,48.61210895,6.768378168,Normal,0.51,1,96.74791438,36.64386843,72.37647227,39.3664253,33.51976265
4/4/2024 6:05,S4,95.23483037,100.4382423,21.9201904,44.04602942,11.83386414,Warning,0.73,0,85.30661418,75.67132037,6.402377426,88.08351961,33.88901433
4/4/2024 15:55,S5,64.19720714,108.019532,44.64165089,33.2694659,4.957260848,Normal,0.94,0,58.30360261,22.68996656,82.17497462,10.08242865,58.31776173
4/3/2024 9:10,S1,92.69774247,118.7422044,49.19234489,30.5638177,14.55582016,Normal,0.62,1,51.52401564,96.64285361,97.35084344,81.70752804,20.36821644
4/6/2024 10:25,S2,95.80470963,97.25931391,23.13363554,25.07467521,13.82433756,Warning,0.74,0,37.76978148,91.00708595,10.44903148,89.51569125,44.40917255
4/4/2024 16:30,S1,82.38594734,104.1748007,45.64922059,18.35323742,4.329130938,Warning,0.57,1,20.9277648,17.85048818,85.53506554,55.79280951,63.01807068
4/4/2024 6:15,S5,61.16989132,112.4647901,28.77149331,32.62979802,4.935264178,Warning,0.79,0,56.70077635,22.52049142,29.25042526,2.474438358,67.63754866
4/3/2024 21:10,S1,94.98806691,103.7490192,26.15998816,47.37732155,4.568226774,Normal,0.94,0,93.6538874,19.69262165,20.54145481,87.46337486,48.50116613
4/3/2024 21:35,S2,74.02847262,110.0706701,49.05611995,10.64801589,10.55799671,Normal,0.56,1,1.620665121,65.84129517,96.89655409,34.78952131,53.37487866
4/5/2024 18:50,S4,63.42632998,98.52822279,31.16519766,26.21301443,10.60901806,Failure,1.0,1,40.62213667,66.2343933,37.23306331,8.145126349,51.20074238
4/5/2024 8:25,S3,76.16561287,111.6642971,40.98918709,24.21757349,11.12034845,Failure,0.76,1,35.62212767,70.17398024,69.99456623,40.16039876,43.45613742
4/4/2024 17:10,S5,75.87693105,108.3234021,22.00920836,31.61115573,5.663725043,Normal,0.86,0,54.14834768,28.13297787,6.699238723,39.43490839,66.25315941
4/5/2024 7:50,S3,99.08696737,101.8541323,33.65515975,15.32039196,12.11046283,Normal,0.92,0,13.32831429,77.80239763,45.53670624,97.76437971,51.49730692
4/4/2024 7:25,S2,70.39214324,115.6721178,24.81387843,31.27487066,2.447607011,Warning,0.87,0,53.30571268,3.354132849,16.05238463,25.6510104,75.19609533
4/4/2024 19:50,S5,94.87134266,108.2371564,42.99545149,36.89002749,7.264591636,Normal,0.74,0,67.37570305,40.46698576,76.68515128,87.1700335,42.03528287
4/5/2024 22:25,S5,93.68133178,93.16094767,47.25303656,22.51678192,12.65344391,Warning,0.67,1,31.36042639,81.98583987,90.88354662,84.17940027,33.27833479
4/3/2024 11:25,S2,81.02760729,108.10463,36.33490877,18.90704316,7.783081627,Failure,0.56,1,22.31544492,44.4617344,54.47325956,52.37914588,58.21908371
4/4/2024 5:35,S3,93.48053313,95.21284779,27.45150826,10.00122875,4.623334327,Normal,0.55,1,0.0,20.11720231,24.84847691,83.67477036,75.86423062
4/4/2024 6:25,S5,65.1547947,108.627857,20.65739986,13.40225542,2.524340078,Normal,0.71,0,8.522008176,3.945329049,2.19116404,12.48895553,94.05886181
4/6/2024 6:30,S3,74.71037404,118.8830505,42.61604248,24.99299697,2.50708347,Normal,0.83,0,37.56511898,3.812374099,75.41988026,36.50321743,70.55457364
4/5/2024 14:25,S3,79.34182587,104.6288343,24.64775933,42.47464496,2.978623316,Normal,0.52,1,81.36917043,7.445391502,15.49840285,48.14258469,56.77588443
4/6/2024 7:00,S5,76.64615993,108.6724092,20.20633887,19.30913396,4.127010654,Normal,0.73,0,23.3229704,16.29323588,0.686944572,41.36806839,81.89447928
4/5/2024 21:05,S1,87.60019563,118.9223525,27.8974204,37.30161915,12.96847431,Normal,0.83,0,68.407035,84.41301737,26.3355257,68.89681082,35.67297173
4/5/2024 6:40,S1,94.75619938,106.7312648,40.32594842,43.30447093,4.776057108,Normal,0.63,1,83.44847895,21.2938675,67.78276665,86.88066528,39.48469722
4/3/2024 16:35,S4,63.66328293,109.7086547,45.95887277,27.68428139,13.66616514,Normal,0.79,0,44.30871438,89.78843359,86.56770823,8.740616165,39.20678036
4/3/2024 17:45,S2,79.57699855,104.6271358,21.55507397,12.26721729,7.594504921,Normal,0.6,1,5.677924551,43.00882971,5.184769967,48.73360048,72.30856046
4/4/2024 10:00,S5,79.54572762,112.1971236,40.30822349,14.32178238,14.69602929,Normal,0.97,0,10.82608192,97.72310633,67.72365673,48.65501306,46.9837343
4/4/2024 3:40,S1,74.90754068,116.4578327,48.54472131,21.8329639,6.462581358,Normal,0.66,1,29.64697239,34.28783183,95.19111779,36.99871972,54.64427888
4/3/2024 17:20,S4,92.26244591,98.15849178,37.15237949,15.96997879,13.3054459,Normal,0.68,1,14.95599465,87.00924267,57.19939945,80.6135781,42.67089921
4/5/2024 3:05,S3,94.73085122,103.6200486,21.21052481,32.18927213,8.839222172,Failure,0.8,1,55.59694341,52.59885581,4.035751165,86.81696247,47.84441135
4/3/2024 6:30,S4,61.01545423,111.9840463,43.41096509,11.67660867,5.898668709,Normal,0.93,0,4.198026871,29.9431206,78.07082563,2.086320305,76.13134251
4/3/2024 2:25,S4,96.79422466,105.909064,45.44126269,13.38753368,4.078436924,Normal,0.91,0,8.48511966,15.9189956,84.84155774,92.0024555,69.53208045
4/4/2024 20:35,S5,88.76807113,91.78574101,42.26759562,15.28718631,6.113942701,Warning,0.93,0,13.24511036,31.60171672,74.25786323,71.83181529,65.98174951
4/5/2024 9:55,S2,74.93007167,96.09669273,38.20540867,37.79812477,11.77337613,Normal,0.7,0,69.65113727,75.20528548,60.71109076,37.05534265,36.48805416
4/4/2024 22:25,S5,89.01030642,116.2109578,35.2117894,48.3178344,8.996861324,Normal,0.77,0,96.01054583,53.81339958,50.72782816,72.44058022,32.70838686
4/5/2024 21:40,S2,86.59646898,90.13089809,33.74970784,42.09584122,4.425671259,Normal,0.66,1,80.41999571,18.594291,45.85200965,66.37433114,46.82976509
4/5/2024 1:40,S5,66.7903162,102.9158802,46.64354567,35.82288726,13.28373515,Warning,0.91,0,64.7017523,86.84197037,88.85098768,16.59920781,31.97212813
4/3/2024 13:45,S2,84.12608438,102.2971467,30.36025857,25.71580436,4.652837051,Failure,0.7,1,39.37626926,20.34450847,34.5487145,60.16597257,62.89882336
4/6/2024 4:30,S5,62.32655182,90.04060877,49.70326538,30.51498969,10.79866057,Warning,0.54,1,51.4016665,67.69550955,99.05468518,5.381258255,37.91965978
4/4/2024 17:15,S1,65.30863016,98.42049647,46.32051359,13.17121139,4.39591816,Normal,0.54,1,7.943077358,18.36505581,87.7737251,12.87556161,71.33853847
4/5/2024 20:40,S1,78.60822449,113.6679742,40.18293843,44.28923749,3.324423934,Normal,0.93,0,85.91602464,10.10964071,67.30585021,46.29896067,51.66524353
4/3/2024 5:25,S4,78.13155339,109.6848551,28.47436232,34.4732408,12.50748675,Normal,0.95,0,61.31992109,80.86130093,28.25953882,45.10103176,41.48753829
4/3/2024 11:45,S5,96.57195226,114.7514823,37.51318342,16.40902404,9.396421283,Normal,0.88,0,16.05611751,56.89184204,58.40262537,91.4438596,56.56343439
4/6/2024 5:05,S3,64.85539758,113.4959524,45.03715371,12.18930828,7.498266069,Normal,0.97,0,5.48270667,42.26734959,83.49391607,11.73653638,69.58973926
4/5/2024 20:55,S4,98.30501138,117.2982943,46.2221532,37.61291388,11.88045372,Normal,0.85,0,69.18705129,76.03027361,87.44570822,95.79923503,26.47715655
4/5/2024 6:35,S1,84.71388961,118.9925216,40.24358907,33.13439052,5.103773024,Failure,0.72,1,57.96514204,23.81878164,67.5081108,61.64319423,50.08509067
4/4/2024 3:35,S2,76.33812852,94.97864686,22.43447536,47.83698576,5.24667433,Normal,0.64,1,94.80567553,24.91977646,8.117439139,40.59395031,47.8190809
4/5/2024 7:20,S3,75.75457623,119.8154517,28.2586464,26.10957939,12.40178858,Normal,0.74,0,40.36295781,80.04694071,27.54015922,39.12741676,49.81276996
4/3/2024 20:45,S3,84.63452753,111.6844291,41.13663284,27.09945816,9.832099216,Warning,0.69,1,42.84331325,60.24855839,70.48627527,61.44374826,42.20052881
4/6/2024 3:35,S3,80.24567451,90.50842995,45.44327705,33.81465481,5.280195675,Normal,0.68,1,59.66969138,25.17804441,84.84827533,50.41405953,47.53464522
4/5/2024 11:00,S1,75.20782475,96.01423547,46.92097597,29.84956888,6.033058689,Normal,0.78,0,49.73431067,30.97853922,89.77617534,37.75336787,54.50873945
4/4/2024 1:25,S4,98.76410521,105.990866,42.45153049,27.05593427,9.508970048,Warning,0.6,1,42.73425473,57.75898323,74.87125791,96.95299023,38.90137901
4/5/2024 13:10,S1,72.45230797,110.304639,28.35105445,20.7519046,9.090563353,Normal,0.54,1,26.93814441,54.53533454,27.84832592,30.82843958,59.22418952
4/6/2024 9:15,S4,91.40066175,98.24111445,47.072391,26.13923876,11.37371059,Warning,0.85,0,40.43727578,72.12602961,90.2811213,78.44781611,39.21589331
4/3/2024 4:05,S4,76.58496495,97.22078135,30.71363478,36.25638414,7.098831315,Normal,0.6,1,65.78797253,39.18987178,35.72717014,41.21427843,48.77725113
4/6/2024 2:40,S1,75.94652111,90.29771463,43.25732156,23.76366471,10.8845824,Normal,0.63,1,34.48476101,68.35750134,77.55844793,39.60979617,43.41046137
4/3/2024 0:10,S3,87.86603296,92.13770183,49.4353351,16.90095508,3.592472206,Failure,0.55,1,17.28875717,12.17484059,98.16117865,69.56489036,63.00707495
4/4/2024 21:20,S1,70.30731554,112.5353414,46.67383772,27.70309384,12.53888641,Normal,0.97,0,44.35585304,81.10322225,88.95200704,25.4378287,40.20273972
4/4/2024 5:10,S2,91.89704086,103.7779559,46.86038267,14.13736459,10.43287839,Normal,0.88,0,10.36398327,64.87731081,89.57410595,79.69527349,52.25990383
4/6/2024 3:20,S4,98.63288645,105.6388814,38.34390834,19.99891563,5.832624099,Normal,1.0,0,25.05136763,29.43427449,61.17296598,96.62322251,62.09175811
4/4/2024 20:40,S3,69.13818965,108.1138636,25.09643018,27.59422559,3.130571263,Normal,0.97,0,44.08306009,8.616086914,16.99465154,22.49968186,76.75613263
4/4/2024 4:40,S2,92.98723864,114.5719054,31.13338815,23.70923702,9.483648289,Normal,0.97,0,34.34838064,57.56388966,37.12698347,82.43506496,54.01815138
4/6/2024 10:50,S5,66.00676003,111.3516842,26.44087662,14.27202816,5.447219635,Warning,0.77,0,10.70141197,26.46489421,21.47817489,14.63004169,82.30706244
4/4/2024 16:05,S4,99.46650373,105.1879818,34.5528398,23.52337637,6.325483195,Normal,0.55,1,33.88266659,33.23154779,48.53033197,98.71819793,54.35865538
4/4/2024 23:55,S5,67.23907811,115.3681309,37.85909798,25.46828228,6.510466355,Normal,0.82,0,38.75604915,34.65676572,59.55619755,17.72699771,63.59938539
4/3/2024 2:45,S1,78.08871764,98.7846611,20.87509291,18.84954786,8.543486698,Normal,0.7,0,22.17137799,50.32033761,2.917137069,44.99338062,69.69099092
4/3/2024 2:35,S4,73.87812808,119.0546633,22.86197832,29.28528396,4.178365011,Normal,0.61,1,48.32037272,16.68889974,9.543096168,34.41168831,67.37412139
4/3/2024 19:15,S1,93.78197594,119.4389127,39.25203192,16.25267883,2.686746923,Normal,0.99,0,15.66436076,5.196605899,64.2014193,84.43233055,74.62521572
4/6/2024 8:15,S5,81.91837956,91.86609678,44.92847513,49.55362165,6.034821558,Normal,0.6,1,99.10707818,30.99212139,83.13148963,54.61775829,31.53378088
4/3/2024 16:00,S4,69.85608133,103.1055211,41.55361842,23.49817116,11.50625766,Normal,0.58,1,33.81950947,73.14724937,71.87685843,24.30382561,44.34972308
4/4/2024 3:45,S5,70.39015135,102.8246906,45.15475502,10.04448377,13.07662941,Normal,0.97,0,0.108384797,85.24630721,83.88609845,25.64600455,54.97834258
4/3/2024 0:15,S5,96.89997525,90.36325426,25.70322949,32.71897189,10.25378657,Normal,0.76,0,56.92422077,63.49748317,19.01823448,92.26821881,45.77284657
4/3/2024 17:00,S4,67.40531715,97.85117051,40.18108983,32.87983513,7.117261764,Normal,0.52,1,57.32729842,39.33187069,67.29968539,18.14477541,49.25986046
4/4/2024 18:50,S4,63.20459386,105.2223582,41.68213257,21.08276999,6.36561274,Normal,0.98,0,27.76719923,33.54072917,72.30543346,7.587878142,66.93762223
4/5/2024 18:35,S3,83.13547668,113.2603845,39.34235746,35.80874303,8.212275614,Normal,1.0,0,64.66631088,47.76849466,64.50264116,57.67646232,45.20477565
4/4/2024 1:30,S1,95.3514354,94.73864469,47.43645992,31.92580811,9.421791699,Normal,0.98,0,54.9367773,57.08731049,91.49523548,88.37656136,38.22962782
4/3/2024 9:05,S3,95.70686844,96.0744168,21.6390326,29.3608229,4.102029193,Normal,0.53,1,48.50965188,16.10076417,5.464759151,89.26980518,62.63965999
4/4/2024 11:50,S2,75.90377592,99.03795782,27.24610525,24.59289881,9.582994226,Normal,0.93,0,36.56258646,58.32930858,24.16348926,39.50237262,59.21307609
4/3/2024 6:25,S4,76.34936684,115.2210908,32.58343982,43.09208599,5.087282967,Warning,0.67,1,82.91630252,23.69173264,41.9626841,40.62219349,47.33056573
4/3/2024 7:00,S1,69.24299186,110.6665591,29.94694097,30.09709149,4.653139595,Normal,0.88,0,50.35453213,20.34683944,33.1703635,22.76306178,68.00265925
4/3/2024 23:50,S4,76.70323103,103.9179413,26.07897902,35.0132068,12.88714276,Normal,0.72,0,62.67292272,83.78639178,20.27130172,41.5114946,41.54739521
4/3/2024 6:50,S5,61.0838397,98.92645354,37.7339091,32.28162053,6.712525799,Normal,0.88,0,55.82834231,36.21354927,59.13871177,2.258180809,58.6887131
4/6/2024 10:35,S3,84.55734339,95.90777113,33.91945095,46.21195996,12.65580104,Warning,0.96,0,90.73382179,82.00400054,46.41807697,61.24977571,26.45407307
4/5/2024 17:45,S1,65.4575901,108.7435159,29.84699317,48.62555901,2.716319957,Normal,0.84,0,96.78161643,5.424453767,32.83705287,13.24991495,57.97732601
4/6/2024 2:30,S1,66.99354509,105.9281304,44.80575683,24.76544775,5.0274289,Warning,0.54,1,36.99494517,23.23058207,82.72224285,17.10994521,59.80173452
4/4/2024 9:10,S4,61.82968135,93.32968408,30.63274846,34.76690941,4.662431318,Normal,0.91,0,62.05577133,20.41842828,35.45742665,4.132566039,65.40215953
4/4/2024 2:55,S1,65.18059685,116.4724911,26.43219449,38.58875334,5.664938623,Normal,0.79,0,71.63222821,28.14232799,21.4492213,12.55379928,60.60614221
4/4/2024 19:15,S3,85.74310781,93.9446736,39.85052865,17.08614093,7.886722469,Failure,0.99,1,17.75278039,45.26024377,66.19731441,64.22973708,56.59287068
4/6/2024 4:20,S3,91.23046344,100.4428678,41.18738488,20.26588829,7.887483685,Warning,0.62,1,25.72032538,45.26610862,70.65552555,78.02008832,51.75441044
4/6/2024 4:50,S5,99.34715701,115.4118248,33.2839441,27.41049119,3.20922632,Normal,0.71,0,43.62267379,9.22209125,44.29875878,98.41826599,65.01769182
4/3/2024 0:25,S2,66.10156172,112.1252508,47.23696381,47.53262915,2.916963289,Normal,0.56,1,94.04304418,6.970326763,90.82994648,14.86828914,44.53399928
4/5/2024 12:55,S5,72.2915986,118.7234406,42.77877521,46.52165868,3.058813768,Warning,0.77,0,91.50983893,8.063225406,75.96256902,30.42455858,50.71258627
4/4/2024 14:45,S2,91.90236403,108.0577029,35.23415192,45.33094406,12.74403992,Warning,0.6,1,88.52624582,82.68384428,50.80240373,79.7086512,19.48524278
4/3/2024 8:05,S2,75.88734118,96.12106904,39.63952061,27.13831615,5.130449609,Normal,0.69,1,42.94068036,24.02431357,65.49363484,39.46107026,57.79209988
4/3/2024 22:10,S4,90.73093655,114.1921085,37.97133761,40.61453455,8.53083366,Normal,0.84,0,76.70826135,50.22285124,59.93049958,76.76472021,38.90806364
4/4/2024 5:45,S5,87.20563087,114.7793464,32.82804001,24.26384704,11.88520087,Normal,0.95,0,35.73807605,76.06684842,42.77838835,67.90522452,47.66099573
4/6/2024 0:20,S2,99.68632059,108.2325637,36.53479886,43.18250863,10.03770527,Warning,0.68,1,83.14287601,61.83266711,55.13986244,99.2706228,26.06051826
4/5/2024 18:30,S3,88.97355269,94.28627884,34.68873386,27.09866113,6.680778725,Warning,0.56,1,42.8413161,35.96895133,48.98351789,72.3482139,52.83405732
4/4/2024 7:40,S2,91.19381581,98.37828265,39.92658155,33.30857797,13.50810542,Normal,1.0,0,58.40160638,88.57064956,66.4509392,77.92798862,30.79927068
4/5/2024 4:35,S1,98.07247142,118.6775649,38.73842144,13.87862684,5.140816594,Warning,0.65,1,9.715659837,24.10418685,62.48860688,95.21483555,64.26827907
4/4/2024 7:45,S5,64.27922555,109.2864573,46.45071836,42.49895284,3.127185379,Normal,0.89,0,81.43007909,8.590000089,88.20793807,10.2885503,54.23292655
4/4/2024 16:50,S1,63.51465997,119.1459807,31.6347827,44.87652245,14.78825058,Warning,0.77,0,87.38759417,98.43363287,38.79905763,8.367109679,28.30600092
4/3/2024 9:50,S1,82.08188723,103.4583189,26.7288045,48.62988839,4.160981707,Normal,0.65,1,96.79246463,16.55496864,22.43837034,55.02867175,46.45977563
4/6/2024 3:00,S3,61.03247628,110.326268,48.84476974,30.22083167,7.823631533,Normal,0.71,0,50.66458993,44.77415448,96.19173344,2.129098664,51.95476957
4/3/2024 20:50,S1,69.31837899,92.03005086,32.68185911,23.2113867,8.367216284,Normal,0.86,0,33.10090896,48.96224775,42.29089738,22.95251824,62.63900872
4/4/2024 19:35,S3,62.41408336,102.3306323,43.1842872,30.65133197,9.537784489,Normal,0.97,0,51.74330157,57.98098645,77.31488952,5.601235008,49.43914227
4/3/2024 0:45,S5,89.45776942,113.2396059,49.31923724,48.78894531,9.080201324,Normal,0.9,0,97.19101616,54.45549945,97.77401003,73.56510585,24.90110745
4/3/2024 16:20,S3,70.88580549,108.3067545,36.58121227,40.0987335,6.441334465,Normal,0.62,1,75.41581021,34.1241334,55.29464408,26.89163999,45.67765912
4/5/2024 2:15,S4,88.27108868,109.1070695,37.30107197,15.07777655,13.27178237,Warning,0.62,1,12.72038889,86.74987923,57.69526611,70.58284164,44.47283208
4/3/2024 6:45,S1,86.35695768,105.2508164,26.14040327,45.17320863,11.0490382,Normal,0.6,1,88.13100558,69.62456455,20.4761422,65.77241189,30.13688794
4/5/2024 17:15,S3,81.86789651,109.4345234,34.77707212,35.82410308,7.70869859,Normal,0.85,0,64.70479881,43.8886442,49.27811249,54.49088862,49.15148921
4/5/2024 0:55,S1,70.32533731,102.9295566,27.78729348,32.640737,2.118131454,Normal,0.78,0,56.72818631,0.815661411,25.96826927,25.48311946,73.41610096
4/5/2024 18:25,S2,64.16438598,105.6050968,37.379434,22.48758946,14.64338706,Warning,0.95,0,31.28727837,97.31752002,57.95659151,9.999945325,45.2948373
4/3/2024 19:55,S5,87.85155104,100.4851912,28.28957325,49.53683976,6.936586263,Normal,0.92,0,99.06502751,37.93984148,27.64329553,69.52849564,40.94895196
4/4/2024 0:10,S3,84.53645557,93.164211,32.24455073,15.23894972,11.99371271,Warning,0.83,0,13.12424314,76.90288674,40.83254079,61.19728223,56.2458952
4/3/2024 17:35,S4,93.96782606,113.3013167,20.36470314,26.33822326,13.01811923,Normal,0.5,1,40.93587449,84.79551076,1.215065229,84.89939312,42.32181607
4/5/2024 11:45,S2,60.72930331,105.3129747,44.50921722,35.02727649,11.19906761,Warning,0.56,1,62.70817738,70.78047847,81.73332858,1.367190373,35.88225213
4/4/2024 5:55,S5,90.10866558,97.19622338,39.47966974,10.51589879,5.912562155,Normal,0.91,0,1.289617136,30.0501638,64.96055663,75.20088221,71.76690496
4/4/2024 13:25,S2,85.04881287,105.6433707,25.15081723,47.38919662,9.566911705,Normal,0.52,1,93.68364295,58.20539947,17.17602403,62.48489462,33.01394209
4/3/2024 18:55,S2,98.84232981,91.56773638,29.97368471,43.04258738,11.35018761,Normal,0.9,0,82.79227305,71.94479485,33.2595498,97.14957759,31.13813601
4/6/2024 7:10,S4,60.76769107,107.348952,39.90570782,17.59501316,10.76581646,Normal,0.59,1,19.02786987,67.44245942,66.38132849,1.463663212,54.63181915
4/6/2024 6:50,S2,90.77219575,95.87499252,42.71144344,11.42360923,12.82108354,Normal,0.87,0,3.564082043,83.27743315,75.73802787,76.86840927,50.55792457
4/5/2024 18:20,S5,65.13577158,106.575029,37.03181954,30.17823767,2.858719002,Normal,0.86,0,50.55786144,6.521578879,56.79735042,12.44114825,70.2584785
4/4/2024 17:45,S1,64.18271361,91.10164088,22.22316268,16.05782088,9.876658597,Normal,0.74,0,15.176102,60.5918698,7.41274366,10.04600477,71.36469784
4/4/2024 14:40,S2,70.75973618,113.2163897,26.1294915,14.60584714,4.651929847,Normal,0.63,1,11.53786764,20.33751884,20.43975311,26.57481342,78.12017043
4/4/2024 6:10,S4,94.87374111,103.5105294,44.74229712,48.30526585,8.164053296,Normal,0.66,1,95.97905262,47.39696186,82.51061443,87.17606107,23.72419666
4/4/2024 15:00,S1,60.4648216,108.2126874,43.78274341,36.38761092,14.63398892,Warning,0.9,0,66.11678961,97.24511123,79.31064948,0.702517636,30.85648552
4/6/2024 5:55,S1,84.95583345,104.2142949,49.04229144,12.70418998,6.602839311,Normal,0.57,1,6.772854177,35.36846073,96.85043813,62.25122673,59.49785139
4/4/2024 11:40,S5,76.78909268,90.37212109,24.97244531,33.32520876,7.199779238,Normal,0.95,0,58.44327842,39.96763333,16.58118094,41.72727471,58.89627627
4/3/2024 0:35,S3,84.26860186,98.89606744,48.80406813,49.34268826,4.471673962,Warning,0.73,0,98.57853893,18.9487226,96.05599981,60.52413527,38.40464497
4/3/2024 12:55,S1,86.60146698,96.61835858,40.91628146,43.39788823,2.666424969,Normal,0.74,0,83.6825562,5.040033743,69.75143709,66.38689169,51.84568879
4/4/2024 21:05,S2,87.2091297,101.0715907,42.76145963,46.09613104,9.421101172,Normal,0.63,1,90.44358738,57.08199026,75.90482423,67.91401747,25.18892244
4/4/2024 12:40,S1,94.57432999,116.7690749,26.5866177,12.27525591,10.99236148,Normal,0.81,0,5.698067064,69.18789414,21.96419909,86.42360675,61.85292304
4/4/2024 16:10,S2,65.69982172,109.0231209,30.00885188,15.0729609,14.21901685,Warning,0.88,0,12.70832225,94.0479249,33.3768269,13.85867065,56.2429224
4/4/2024 11:10,S2,86.18044857,116.1826152,41.56218854,37.57241648,4.968306281,Normal,0.97,0,69.08557631,22.77506701,71.90543845,65.32882435,50.53007664
4/5/2024 16:50,S3,68.669592,96.78086993,46.68557933,40.4002218,10.41544775,Normal,0.5,1,76.17125437,64.74301497,88.99116352,21.32204246,30.19912696
4/6/2024 7:05,S1,79.25376607,113.4396557,26.37341832,12.153221,10.99310931,Failure,0.8,1,5.392282181,69.19365582,21.25321175,47.92128035,60.9148119
4/4/2024 3:50,S4,88.93680455,94.86700217,44.15270955,20.87818238,9.269835713,Normal,0.64,1,27.2545607,55.91655314,80.54443003,72.25586163,46.58285949
4/5/2024 0:00,S2,94.17540373,110.7747848,27.93905081,12.04600822,7.613492236,Failure,0.55,1,5.123637384,43.15511904,26.47435676,85.42105952,65.58917578
4/6/2024 5:50,S5,72.25014483,112.4233322,24.51416813,14.81454305,12.67912629,Normal,0.76,0,12.0608004,82.18371184,15.05289661,30.32038054,61.72444817
4/4/2024 23:15,S5,85.2624088,104.5800148,27.92185954,30.93605484,11.03461173,Normal,0.92,0,52.45673633,69.51341463,26.41702651,63.0216856,47.04572463
4/5/2024 1:30,S4,69.44201853,101.2365866,29.69082037,17.41107401,3.812853071,Normal,0.82,0,18.56697053,13.87278303,32.31624046,23.26323853,81.47232633
4/4/2024 20:10,S2,67.28471663,114.6359485,44.09006216,10.88264595,3.073438054,Failure,0.61,1,2.208581487,8.175899423,80.33551054,17.84169252,77.53093585
4/5/2024 0:25,S5,80.59269416,113.6695548,25.63167217,43.56586432,6.446902651,Warning,0.7,0,84.10345665,34.16703395,18.77960175,51.28615952,50.65977208
4/5/2024 10:55,S3,73.64991311,118.6814143,20.90078016,10.25857431,8.396022483,Normal,0.56,1,0.644834976,49.18418747,3.002800123,33.83815803,73.72560632
4/4/2024 13:20,S1,90.44095964,115.6708828,41.06438289,26.49118911,11.32440439,Warning,0.64,1,41.31916354,71.74614591,70.24533271,76.03597511,37.28674428
4/4/2024 13:45,S5,84.66601258,93.44798991,38.94256764,48.77287249,8.176408744,Normal,0.91,0,97.15074223,47.49215542,63.16940323,61.52287379,33.74728796
4/3/2024 19:00,S3,97.77065956,102.5637996,21.69756968,36.92368524,14.09214764,Normal,0.8,0,67.46003981,93.07045067,5.659971378,94.45634791,33.51969783
4/4/2024 5:20,S1,94.02326916,104.8263734,43.6216108,39.157568,10.10556905,Normal,0.72,0,73.05751642,62.35552911,78.77329688,85.03872797,32.28556673
4/5/2024 12:40,S3,79.43487037,114.1331162,25.02473267,42.4064436,8.873195158,Normal,0.68,1,81.19827716,52.86060347,16.75555131,48.37641614,40.72841747
4/3/2024 17:40,S3,69.98672035,91.96098473,40.22059757,37.18788867,4.363629487,Normal,0.62,1,68.12205868,18.11628508,67.43143768,24.63213639,52.23865039
4/3/2024 6:35,S4,66.24610389,106.2671162,34.290072,26.76731504,10.35633592,Normal,0.72,0,42.01105678,64.28758302,47.65404153,15.23154014,54.12421582
4/3/2024 12:20,S2,68.25685087,113.6584489,42.77015848,14.00982255,12.32115673,Failure,0.78,1,10.04439908,79.42570609,75.93383354,20.28477687,50.26691048
4/4/2024 1:10,S1,91.18337894,113.9374248,20.24959827,20.34366365,7.482264028,Normal,0.62,1,25.91520837,42.14406055,0.831208059,77.90175959,63.26439871
4/5/2024 4:20,S4,99.46520492,98.67734316,45.11358883,22.61454973,7.781266099,Normal,0.73,0,31.60540479,44.44774652,83.74881553,98.71493386,50.94758132
4/5/2024 16:45,S5,94.5118831,104.2931096,49.68353393,40.32161684,10.40202914,Warning,0.87,0,75.97429264,64.63963019,98.98888379,86.26667058,27.31012738
4/4/2024 18:10,S4,62.07885135,105.3800318,36.77177855,40.2053447,11.90456863,Normal,0.64,1,75.68294763,76.21606886,55.93015348,4.758758682,32.96994534
4/4/2024 4:30,S3,79.22346309,95.62235832,35.64347073,36.60223956,10.88048571,Normal,0.83,0,66.65458812,68.32593811,52.16741938,47.84512552,40.14719036
4/4/2024 16:25,S3,88.09859882,100.8555928,25.50326589,39.37462706,8.307995925,Normal,0.53,1,73.60140485,48.50597964,18.35138644,70.14935494,42.49477197
4/5/2024 11:15,S5,81.34410187,103.1744945,33.95028553,10.95785061,6.196527315,Failure,0.66,1,2.397023043,32.23799665,46.52090558,53.17453289,70.58215398
4/3/2024 11:05,S5,70.31550742,91.94560783,31.79585603,14.81550315,13.9497044,Warning,0.82,0,12.06320615,91.9729851,39.33621257,25.45841582,55.14105959
4/5/2024 10:35,S4,94.53334598,102.2275263,42.12278257,26.76397892,10.21239144,Warning,0.83,0,42.00269741,63.17855099,73.77493387,86.32060925,43.48826205
4/4/2024 1:55,S3,90.32953903,117.1842976,20.27162485,12.01667094,3.293430695,Normal,0.62,1,5.05012648,9.870850759,0.904663338,75.7559624,82.06636223
4/5/2024 12:10,S2,69.73929186,110.6316613,22.13104667,17.85177209,3.481556533,Failure,0.89,1,19.67123492,11.32028169,7.105550862,24.01032035,80.68610452
4/5/2024 4:25,S4,98.60474786,117.0024955,38.585786,25.72588518,9.495084869,Normal,0.68,1,39.40152895,57.65200373,61.97959102,96.55250702,42.07907421
4/3/2024 0:00,S4,97.2847313,111.4897016,22.19244686,31.29167504,4.135728963,Normal,0.98,0,53.34781968,16.36040681,7.310311108,93.2351547,65.18205859
4/4/2024 2:20,S3,68.95270459,95.52674518,41.4215817,12.77576344,9.810297941,Failure,0.7,1,6.95219696,60.08058868,71.43653616,22.03353673,58.61969093
4/5/2024 10:50,S5,61.02568263,107.2058685,49.917137,21.52738104,5.027161239,Normal,0.56,1,28.88126841,23.22851986,99.76791431,2.112025457,61.58518441
4/4/2024 21:35,S2,89.08676279,100.6431388,24.69430148,43.05363244,4.098819918,Warning,0.74,0,82.81994883,16.07603805,15.65361379,72.63272382,55.77509014
4/6/2024 0:40,S1,64.65465592,112.1579237,20.74914986,36.84051922,2.730780771,Normal,0.94,0,67.25164936,5.535868293,2.497136265,11.23204966,73.02659341
4/4/2024 20:20,S2,86.34831102,109.0920411,24.20973555,13.44528556,7.714318243,Normal,0.59,1,8.629829509,43.93194128,14.03766048,65.75068185,67.92266297
4/4/2024 15:45,S1,61.58475301,109.5667278,36.06969798,29.09664758,12.14062513,Normal,0.51,1,47.84770346,78.03478555,53.58882211,3.517033159,42.55110222
4/4/2024 9:40,S4,90.33052784,119.3040099,36.60113569,43.99837322,5.958375517,Warning,0.68,1,85.18720127,30.4031366,55.36108564,75.75844739,38.66337416
4/3/2024 14:20,S2,82.65618561,100.0353387,48.41272001,33.53408884,14.44275282,Failure,0.83,1,58.96667264,95.77171707,94.75091366,56.47194915,20.98173164
4/3/2024 10:25,S4,79.49724793,90.09654791,41.37863999,26.00849103,11.593061,Failure,0.52,1,40.10965906,73.81603279,71.29333212,48.53317807,39.57869023
4/4/2024 8:50,S5,62.69402406,97.80860573,29.23387495,40.13888443,6.318242787,Normal,0.78,0,75.51641704,33.17576348,30.79239733,6.304757947,56.70840142
4/4/2024 11:00,S2,63.29524182,114.8818399,24.9585347,11.66315839,7.779455514,Normal,0.78,0,4.164324297,44.43379672,16.5347912,7.815686838,79.72887028
4/4/2024 22:00,S2,99.50598255,107.8098237,29.41480425,43.03729234,7.849267765,Normal,0.85,0,82.77900518,44.97167093,31.39576888,98.8174127,40.69615676
4/6/2024 3:15,S4,81.98118144,113.1876445,27.96489222,49.30958164,5.799236438,Normal,0.64,1,98.49558312,29.17703652,26.56053393,54.77558658,40.85294438
4/3/2024 7:30,S3,86.10984431,90.27994859,35.20761314,46.65682178,6.458085616,Normal,0.6,1,91.84851934,34.25319402,50.71390096,65.15138779,36.7421764
4/6/2024 6:15,S1,95.46416861,113.5556863,34.12880757,14.76562688,10.87472498,Normal,0.82,0,11.93823036,68.28155407,47.11624932,88.65987279,55.98965077
4/3/2024 15:05,S3,62.05703254,102.8897044,20.3425395,31.99474251,4.677740466,Normal,0.91,0,55.10950736,20.53637887,1.141152875,4.70392553,72.88237434
4/3/2024 22:50,S3,71.85232482,112.7025452,41.1988961,22.97317509,9.186593384,Failure,0.68,1,32.50401824,55.27520579,70.69391371,29.32061342,50.74112319
4/6/2024 2:35,S5,80.10264306,107.8539502,35.74206913,24.28769336,4.037885572,Normal,0.94,0,35.79782817,15.60656439,52.49622998,50.05460515,69.12856759
4/3/2024 5:45,S4,82.38561325,118.121642,37.40266504,24.19590734,10.26338919,Normal,0.65,1,35.56783844,63.57146731,58.03406348,55.79196991,46.01693647
4/4/2024 0:15,S1,66.68135784,109.7034031,20.46184675,34.23987869,2.805304742,Normal,0.81,0,60.73518182,6.110044333,1.539024305,16.32538301,74.7407789
4/3/2024 10:55,S5,81.66536859,104.4291867,49.54575208,36.38023927,4.950721013,Normal,0.82,0,66.09831835,22.63957987,98.5294024,53.98191283,48.76413398
4/4/2024 1:00,S5,68.81944836,107.327801,49.31020863,10.54729659,12.97191514,Normal,0.92,0,1.368291115,84.43952753,97.743901,21.6986486,53.13581346
4/4/2024 11:20,S3,98.03454249,111.1105793,35.4480005,22.31083621,5.899082167,Warning,0.97,0,30.84438486,29.94630612,51.51555605,95.11951583,61.48397317
4/4/2024 3:10,S3,94.48510469,119.0137985,21.87578887,37.91331142,2.730915833,Normal,0.77,0,69.93976233,5.53690889,6.254305125,86.19937338,64.02508197
4/3/2024 12:00,S4,70.96220883,91.75652788,27.95978413,40.29131913,6.444037545,Normal,0.91,0,75.89837517,34.14495951,26.54349921,27.08365031,54.79494295
4/4/2024 11:15,S2,70.93038108,93.37741171,41.97203147,20.09247708,2.759953834,Normal,0.96,0,25.28580609,5.760634549,73.27220199,27.00366354,75.44254912
4/5/2024 0:20,S4,77.8122102,99.18940496,42.82553993,25.31136402,9.494355741,Warning,0.76,0,38.36285648,57.6463861,76.11852221,44.29848587,50.54913818
4/3/2024 11:15,S3,93.39720947,106.8445376,39.83042763,17.24733116,6.447723801,Normal,0.55,1,18.15667739,34.17336057,66.13028057,83.46536848,58.41840778
4/4/2024 13:30,S3,65.24979511,91.90922728,35.00338256,20.035164,12.37146086,Normal,0.83,0,25.14219575,79.81327832,50.03282321,12.7277024,54.48789036
4/3/2024 13:40,S3,63.31194672,93.55008573,25.85721809,32.95799464,9.094047595,Normal,0.77,0,57.52314399,54.56217917,19.5317629,7.85766814,57.05460565
4/3/2024 2:20,S4,81.49582412,109.3171276,29.65009969,18.36237495,9.079219221,Normal,0.61,1,20.95066085,54.44793275,32.18044321,53.55582822,58.42784294
4/5/2024 16:25,S2,78.07070715,117.8768416,45.86608921,44.36447031,14.66771104,Normal,0.52,1,86.10453673,97.50492608,86.25828925,44.94811821,13.30313281
4/3/2024 16:05,S2,92.76409271,111.8852469,45.87921413,44.82753822,12.0067061,Warning,0.52,1,87.26485358,77.00299537,86.30205886,81.87427376,16.37351666
4/4/2024 8:20,S1,64.10038912,109.5948837,35.45016979,15.32839697,11.76850313,Normal,0.61,1,13.34837257,75.16774107,51.52279031,9.83911392,55.30703029
4/5/2024 23:00,S4,91.28112351,102.9818741,37.90732072,44.92172588,10.13344887,Normal,0.66,1,87.50086114,62.57033149,59.71701301,78.14740284,25.70279034
4/3/2024 14:05,S4,74.22690866,107.6330808,41.03509585,41.49487833,4.808408725,Warning,0.56,1,78.91415314,21.54312318,70.14766492,35.28821373,45.78898218
4/5/2024 10:45,S4,79.16727511,112.9358338,44.07920937,30.54831421,2.665151584,Normal,0.92,0,51.48516829,5.03022284,80.29931815,47.70391869,63.40432351
4/3/2024 11:40,S1,60.73562706,98.0946216,43.41895152,26.68773674,13.82413015,Normal,0.66,1,41.81165615,91.00548796,78.09745916,1.383082691,36.66107242
4/3/2024 14:25,S4,79.04201609,90.78590126,34.88776259,25.90737658,7.55236559,Warning,0.74,0,39.85629491,42.68416378,49.64724826,47.38912848,58.92483937
4/3/2024 0:30,S3,83.05153441,100.5975423,48.31104778,42.74960918,13.82258355,Normal,0.61,1,82.05815278,90.99357205,94.41185232,57.46550581,14.52356788
4/5/2024 14:05,S3,64.27507692,112.983478,44.27070921,30.72309992,10.44422809,Warning,0.53,1,51.92313171,64.96475546,80.93794083,10.27812432,40.92073593
4/4/2024 15:50,S5,79.22027789,118.5159316,45.0835311,34.07226936,8.131142748,Normal,0.72,0,60.31520038,47.14339984,83.64857757,47.83712074,45.05849121
4/3/2024 6:05,S2,97.84461849,111.7793973,30.59151175,12.80432559,12.58699097,Normal,0.98,0,7.023765606,81.47384773,35.3199085,94.64221512,54.26362754
4/6/2024 3:50,S4,85.63305259,93.60621687,42.17200928,41.40255684,13.64560451,Failure,0.78,1,78.68282169,89.63002254,73.9390974,63.95315574,18.60432433
4/5/2024 19:45,S1,81.60047658,91.88068865,49.09779576,25.06705762,7.970947947,Normal,0.61,1,37.75069394,45.90916587,97.03553655,53.81883182,45.7818354
4/3/2024 19:50,S5,63.07812807,108.2558182,28.33558328,16.24806032,4.161319295,Normal,0.72,0,15.65278808,16.55756962,27.79673195,7.270055171,83.8298595
4/3/2024 12:05,S4,82.1671201,100.0271496,38.04661638,45.91858587,7.638026307,Normal,0.93,0,89.99870954,43.3441438,60.18154275,55.24287168,38.77848275
4/5/2024 18:00,S4,77.1279846,97.25795041,23.78006084,36.86835437,14.07122193,Normal,0.76,0,67.32139635,92.90922683,12.60476101,42.5789488,37.77067286
4/3/2024 19:30,S1,61.48030539,95.94292898,25.96976417,36.85083301,5.936076668,Normal,0.83,0,67.27749279,30.23133328,19.90708687,3.254544351,62.56039341
4/3/2024 18:20,S2,67.22301381,100.4202998,41.98097152,45.44344435,2.539465232,Normal,0.62,1,88.80813966,4.061862037,73.30201568,17.68662629,49.73153443
4/6/2024 4:55,S5,69.56720417,90.70784894,27.83145579,46.82765603,3.870283562,Normal,0.99,0,92.27658151,14.31526096,26.11554382,23.57784432,56.41773913
4/4/2024 17:40,S4,66.69930329,96.57206427,39.44954022,15.73877828,8.080368008,Normal,0.58,1,14.37667175,46.75220169,64.8600793,16.37048197,62.2388342
4/3/2024 11:00,S4,85.33912879,109.2697658,42.62744779,37.52182228,11.67076743,Normal,0.85,0,68.95880159,74.41472841,75.45791522,63.21449169,32.17912805
4/6/2024 10:30,S2,85.46678729,118.8188093,37.30572143,45.036197,5.505190114,Failure,0.67,1,87.7876933,26.91153251,57.71077138,63.53531206,39.84512405
4/5/2024 16:30,S2,83.46433853,102.1530808,29.4162649,30.00233037,14.68282495,Normal,0.68,1,50.11708764,97.62137244,31.40063994,58.50292969,32.73115001
4/3/2024 15:25,S4,90.83648815,114.0792993,27.04920215,42.22595221,5.150598037,Normal,0.77,0,80.74601695,24.17954878,23.50684752,77.02998342,52.04702652
4/3/2024 3:25,S1,74.49575596,100.1480252,21.34733897,14.74575063,7.375714894,Normal,0.81,0,11.88842611,41.32314401,4.492005487,35.96385771,77.10576386
4/5/2024 10:00,S4,69.09078509,112.8539457,46.42919017,32.69563777,9.387492011,Normal,0.67,1,56.86575207,56.82304573,88.13614486,22.38054878,39.75044416
4/3/2024 9:00,S3,76.85698202,112.3720135,35.67530543,43.76849301,14.03877428,Normal,0.63,1,84.61118667,92.65923125,52.27358326,41.89788839,20.9245274
4/5/2024 1:00,S4,86.26946658,99.56600455,21.01029212,45.12134051,10.42786785,Normal,0.84,0,88.0010388,64.83870671,3.368005756,65.55253677,39.44563453
4/3/2024 4:40,S4,68.39622372,115.8410999,25.74778837,34.51183342,12.07804901,Warning,0.95,0,61.41662324,77.55266266,19.16683153,20.63503676,46.42222153
4/4/2024 9:45,S5,60.98347666,93.3216178,35.09397418,17.84982867,14.77830943,Normal,0.57,1,19.66636525,98.35704049,50.33493239,2.005957025,45.94097243
4/4/2024 12:50,S3,98.72773712,92.36907487,38.48901458,38.08429816,2.499211405,Warning,0.83,0,70.36820662,3.751723132,61.65687311,96.86159307,55.12333431
4/5/2024 15:05,S2,95.36825853,118.4306408,35.16526281,45.44685176,9.934888777,Normal,0.73,0,88.81667766,61.04050899,50.57266909,88.41883982,31.12220033
4/6/2024 11:05,S1,87.20911117,97.7862535,42.16600031,21.9060111,13.90558653,Normal,0.83,0,29.83000796,91.6330753,73.91905843,67.91397091,39.608665
4/3/2024 2:00,S1,92.11413794,96.17061787,47.78582205,24.03276437,5.694395844,Warning,0.74,0,35.15904844,28.36928357,92.6603048,80.24086323,55.84195175
4/4/2024 14:55,S3,78.20880596,103.3014004,20.54372123,25.49097646,2.709933942,Failure,0.5,1,38.81291432,5.375252188,1.812063182,45.2951763,74.73281462
4/4/2024 20:55,S4,86.01302745,101.5151665,42.49933395,12.18261633,14.28119596,Warning,0.62,1,5.465938552,94.52698899,75.03067516,64.90807597,42.25706649
4/4/2024 20:15,S2,91.58794029,90.04695316,35.54024199,49.30085089,4.00877079,Normal,0.87,0,98.47370635,15.38224716,51.82316733,78.91846844,44.48509433
4/5/2024 3:30,S4,81.24678112,105.1636535,43.51214753,26.4315524,2.640828406,Normal,0.74,0,41.16973085,4.842822923,78.40825361,52.92995474,66.84137266
4/5/2024 9:50,S1,69.50176523,98.57350667,22.53696134,20.4464973,4.032707841,Normal,0.55,1,26.17288034,15.56667213,8.459214238,23.41338881,76.78093562
4/6/2024 5:10,S2,72.1310059,113.4112837,48.06453541,18.16968425,12.34251889,Warning,0.5,1,20.46783263,79.59029257,93.58977122,30.02097081,42.93909342
4/4/2024 4:10,S5,87.33035055,111.5806087,26.00846054,33.73845531,14.52790745,Normal,0.74,0,59.47875705,96.42779789,20.03613334,68.21865931,35.60541984
4/3/2024 4:15,S4,99.87497007,95.9241147,27.5300415,32.48755244,3.835587826,Warning,0.72,0,56.34434927,14.04794482,25.11037324,99.74472048,61.62166904
4/4/2024 18:15,S4,81.65185341,98.8046647,29.63486458,33.46495673,13.61295842,Warning,0.94,0,58.79344719,89.37849806,32.12963644,53.94794766,37.92557893
4/4/2024 19:00,S2,81.90369505,104.8063974,41.26296966,14.97383366,14.04979831,Normal,0.65,1,12.45993749,92.74416679,70.90758924,54.58085444,42.08433967
4/6/2024 4:40,S3,62.31122244,109.3937622,30.19915591,33.84200463,4.447932824,Normal,0.61,1,59.73822228,18.76580705,34.01146178,5.342733772,61.88759709
4/5/2024 17:05,S1,85.67886002,108.1047929,34.68177612,18.3876111,14.77227355,Normal,0.86,0,21.01389549,98.3105365,48.96031489,64.06827505,44.48557407
4/3/2024 22:00,S4,94.94708457,91.86819318,28.91872371,21.76269849,14.12727997,Normal,0.97,0,29.47090719,93.34113062,29.74141612,87.36038156,43.81853619
4/5/2024 20:05,S1,72.97335012,112.2271217,43.9319679,14.36054463,5.18051571,Normal,0.7,0,10.92320912,24.41005195,79.80829036,32.13787801,72.44832727
4/5/2024 11:10,S5,83.20689477,115.618859,49.20147857,39.38433203,8.553726945,Warning,0.71,0,73.62572274,50.39923443,97.38130288,57.85594414,36.19847514
4/5/2024 8:50,S2,91.91254595,93.74462442,34.65486898,33.75122528,11.96119115,Normal,0.94,0,59.51075497,76.6523217,48.87058369,79.73423955,37.03891166
4/5/2024 21:20,S2,63.86705799,104.8144212,43.7778444,35.82900173,9.104192693,Normal,0.95,0,64.71707344,54.64034291,79.29431203,9.252726139,45.40548486
4/4/2024 19:10,S5,78.09273138,119.7845052,26.53002199,48.83760998,8.616467525,Normal,0.53,1,97.31295603,50.88262438,21.77546105,45.00346762,35.36488094
4/4/2024 13:15,S1,93.79132912,119.8631255,40.89289421,28.16734651,13.82909206,Warning,0.77,0,45.51913856,91.04371738,69.6734442,84.45583617,33.30640017
4/3/2024 1:30,S1,94.79585448,92.46515002,36.95255937,20.11432473,12.00275353,Normal,0.74,0,25.34055009,76.97254251,56.53302989,86.98032309,47.0124308
4/5/2024 11:35,S4,88.72492305,116.5039429,22.01049613,28.86597963,14.06069453,Warning,1.0,0,47.269715,92.82811763,6.703533245,71.72337923,42.78789067
4/4/2024 16:15,S5,79.95552614,92.12796648,43.74674608,25.66969802,6.459347264,Normal,0.8,0,39.26073987,34.26291449,79.19060389,49.68488353,57.41964204
4/4/2024 23:20,S4,89.3245209,107.3159966,48.17205438,19.07090501,8.697171369,Normal,0.74,0,22.72603623,51.50441376,93.94833058,73.23023708,52.60406921
4/4/2024 12:05,S3,76.37336025,98.99757335,26.67083914,17.59744546,9.771504174,Normal,0.71,0,19.03396451,59.78169892,22.24506473,40.68249166,65.00950892
4/4/2024 6:35,S3,89.74033025,115.2434266,35.07893728,25.19916316,8.09124093,Normal,0.85,0,38.08171296,46.83597301,50.28478664,74.27521347,55.30857057
4/3/2024 6:55,S5,68.87888648,106.9506598,25.58407693,19.25522546,12.71196947,Normal,0.63,1,23.18789098,82.43675488,18.6208789,21.84802337,53.05343978
4/3/2024 5:05,S4,78.8826778,103.8161849,21.1678989,32.02653518,14.19483381,Normal,0.64,1,55.18917076,93.86160474,3.893600285,46.98869318,37.54931921
4/5/2024 5:10,S4,65.58605019,118.8340646,41.22191,12.90939791,9.749854444,Warning,0.51,1,7.287047051,59.6148968,70.77066156,13.57274982,59.61144544
4/3/2024 22:40,S1,74.18488631,94.9411906,27.52679137,36.95355593,13.96696651,Normal,0.58,1,67.5348873,92.10598239,25.09953456,35.18260676,31.84250475
4/3/2024 23:45,S5,63.57644009,91.95613774,46.48981474,19.33331291,3.380084596,Failure,0.88,1,23.38355598,10.53848284,88.33831855,8.522370192,69.02430161
4/4/2024 6:00,S4,66.34420421,94.25915969,48.08841864,31.61197627,4.392582037,Warning,0.76,0,54.15040372,18.33935237,93.66941817,15.47807744,59.0303649
4/4/2024 5:30,S2,88.33451907,100.0562414,38.90741658,14.72874489,6.025992244,Normal,0.88,0,11.84581455,30.92409522,63.05217984,70.74224946,68.49847966
4/4/2024 14:00,S5,64.69232756,110.0760079,38.16913668,23.57221069,11.06316131,Normal,0.63,1,34.00503154,69.73337718,60.59012923,11.3267228,48.47036529
4/3/2024 23:10,S3,99.50889559,116.3874556,37.93004848,37.30129838,14.64199807,Normal,0.75,0,68.40623125,97.30681841,59.79280663,98.82473351,23.14903828
4/3/2024 1:00,S5,78.03357486,95.22328006,34.30700319,12.01398108,5.210495171,Normal,0.67,1,5.04338644,24.64103116,47.71050447,44.85480052,72.96839812
4/3/2024 15:10,S1,79.85464989,116.1819075,41.11099339,12.02292415,2.012264398,Normal,0.89,0,5.065795248,0.0,70.40077162,49.43137,82.72371892
4/4/2024 6:40,S4,66.43039584,104.138615,21.68528232,34.28541124,3.923458343,Normal,0.86,0,60.84927347,14.72495042,5.618994898,15.69468685,71.13670372
4/6/2024 1:25,S5,76.11920715,91.74275856,31.39254569,48.45666479,4.164546112,Normal,0.98,0,96.35841541,16.58243089,37.99123423,40.0437759,50.76764107
4/5/2024 3:15,S3,64.47678478,94.21658903,23.90242009,10.16749775,5.5551687,Normal,0.72,0,0.416622933,27.29659662,13.01281043,10.78503918,87.26994767
4/3/2024 18:35,S4,61.35783914,109.9136906,43.51279527,19.19975016,13.15315388,Normal,0.87,0,23.04888562,85.83589631,78.41041373,2.946772694,49.834087
4/4/2024 23:40,S3,67.18732435,100.2950206,25.72779755,16.53467034,12.03797636,Normal,0.59,1,16.3709515,77.24391967,19.1001652,17.59693462,57.61007685
4/6/2024 8:50,S4,89.4942831,105.8897917,37.88245866,44.30122431,5.286886209,Failure,0.64,1,85.9460602,25.22959218,59.63410185,73.65686887,39.7777195
4/5/2024 6:25,S5,87.32992113,100.2734394,21.60043991,39.23481383,3.633365401,Normal,0.56,1,73.25107255,12.48990557,5.336058428,68.21758014,57.36849088
4/4/2024 21:25,S5,78.50491827,92.13022994,37.36420264,11.93450844,14.32880419,Normal,0.7,0,4.844250554,94.89379045,57.90579724,46.03934034,51.80188203
4/5/2024 0:30,S1,74.36933478,103.3925855,22.65154841,15.8130677,12.52972367,Failure,0.79,1,14.56281995,81.03262712,8.841344588,35.64614683,56.65077715
4/5/2024 4:45,S3,94.71673178,116.6521102,37.6080952,41.90056181,11.30780102,Normal,0.83,0,79.93068089,71.61822388,58.71914165,86.7814787,29.47186421
4/3/2024 14:40,S3,89.30288389,98.1921243,43.58616957,21.00956724,8.825641423,Warning,0.53,1,27.58377391,52.49422182,78.65510578,73.17586081,47.85684955
4/5/2024 7:25,S1,86.04931908,116.4094429,24.68619706,30.78446703,5.141565971,Normal,0.68,1,52.07690028,24.10996049,15.62658679,64.99928097,59.49068261
4/5/2024 8:05,S4,91.29541936,106.2907375,25.09185286,45.18405987,6.675782296,Warning,0.67,1,88.15819571,35.93045594,16.97938686,78.18332996,41.2037309
4/5/2024 0:45,S5,75.64326147,115.7268701,32.97038679,12.84622716,8.558538013,Normal,0.59,1,7.128759054,50.4363017,43.25309311,38.84767005,64.47949777
4/6/2024 0:45,S4,92.69798834,99.46882031,33.47116304,37.88096664,11.71776828,Normal,0.67,1,69.85871549,74.77685025,44.92310533,81.70814594,29.4682716
4/4/2024 8:45,S1,88.32688355,109.9495471,43.67878545,38.02445986,5.582368092,Normal,0.8,0,70.21826879,27.50615657,78.96396559,70.72306052,46.87955024
4/3/2024 13:35,S1,89.52134466,113.5695485,44.21212712,11.57567335,11.74180268,Warning,0.98,0,3.945111586,74.96202525,80.74257851,73.72487767,52.89862756
4/3/2024 20:40,S4,95.43910993,115.8041908,42.13654955,26.44761903,10.10393436,Warning,0.97,0,41.20998928,62.34293452,73.82084462,88.59689747,43.82366023
4/5/2024 4:50,S1,78.18959423,108.0882863,37.4285114,37.10183221,9.895217418,Warning,0.64,1,67.90642559,60.73485775,58.12025713,45.24689501,36.73282276
4/6/2024 1:45,S2,99.02440803,115.0644068,23.7645889,19.95167155,8.426820544,Normal,0.76,0,24.93298736,49.42147366,12.55316448,97.60716096,62.33224788
4/5/2024 7:45,S1,61.92848155,96.03936323,41.15417437,25.84003866,8.577035402,Normal,0.69,1,39.68756518,50.57881635,70.54477358,4.380862227,52.38696421
4/4/2024 7:15,S3,99.24744712,92.08923444,27.80709794,49.49344634,9.350407217,Normal,0.94,0,98.95629592,56.53732289,26.03431412,98.16768365,31.85531793
4/4/2024 10:20,S5,70.94506665,98.76654691,33.17631804,13.44128628,13.30393773,Normal,0.69,1,8.619808445,86.99762285,43.93984233,27.04057006,52.23886569
4/3/2024 6:10,S5,74.93237265,114.5335599,46.82282908,25.81037262,6.967605428,Normal,0.75,0,39.6132305,38.17883118,89.44887044,37.0611253,55.64933532
4/3/2024 9:25,S3,75.18769633,94.46664151,29.11827537,23.00844785,9.106804444,Normal,0.74,0,32.59240176,54.66046536,30.4068904,37.70278284,61.13018466
4/5/2024 1:50,S5,73.48012706,116.7029111,47.02882687,47.83883559,11.33418432,Failure,0.64,1,94.81031069,71.82149617,90.13584159,33.4114663,19.81734473
4/6/2024 8:05,S2,79.51416176,116.7042341,30.26322863,41.12185226,7.591855517,Normal,0.94,0,77.97945562,42.98841717,34.22513448,48.57568445,47.66990591
4/4/2024 8:30,S1,87.51542889,116.1361345,30.70657926,15.13303449,10.79602404,Warning,0.8,0,12.85884961,67.67519618,35.70364105,68.68378232,59.58915958
4/3/2024 8:40,S1,68.31545021,106.6267954,23.83600404,27.25206825,2.078611561,Normal,0.61,1,43.22571085,0.511177156,12.79132303,20.43204369,75.73018637
4/3/2024 9:30,S1,83.6117977,99.16812646,26.91249986,11.57077657,13.49822346,Normal,0.71,0,3.932841649,88.49451315,23.0509663,58.87351143,58.30542973
4/4/2024 10:45,S2,91.79238195,118.8843107,40.81848772,19.34963168,11.83049904,Normal,0.75,0,23.42444621,75.64539368,69.42530991,79.43225368,46.96853418
4/4/2024 19:45,S4,66.3817872,111.4209793,21.99389977,47.43748993,5.627107775,Normal,0.77,0,93.80465229,27.85085712,6.648186924,15.57252779,54.86609089
4/4/2024 14:05,S3,65.00743169,114.878604,23.51611717,30.23726617,3.081899861,Normal,0.95,0,50.70577013,8.241094103,11.72454923,12.11861546,76.39805359
4/4/2024 10:05,S4,90.81629671,117.5422966,45.13725125,29.1396428,6.903623172,Failure,0.59,1,47.9554373,37.68587464,83.82772606,76.97924004,44.75345791
4/3/2024 7:40,S3,63.97765571,111.7938515,44.32635743,35.19282618,2.329531855,Warning,0.57,1,63.12299794,2.44441313,81.12351915,9.530670849,58.92981117
4/6/2024 5:30,S2,80.37688513,91.97084577,21.85425382,46.60006151,4.563378766,Normal,0.55,1,91.7062942,19.65526977,6.18248902,50.74380678,50.02169858
4/3/2024 7:25,S3,67.14178648,103.8467242,48.22353562,47.37216457,13.48789158,Normal,0.97,0,93.64096546,88.41491034,94.12001261,17.48249275,20.4141923
4/4/2024 4:00,S1,63.24184864,106.7926705,47.98131524,36.4733834,3.294536276,Normal,0.84,0,66.33171114,9.879368796,93.31224471,7.68150366,58.56113495
4/6/2024 10:20,S3,86.37415689,115.6135477,44.02942101,26.69579129,2.219866399,Warning,0.97,0,41.83183857,1.599486631,80.13328159,65.81563547,66.19748039
4/6/2024 4:45,S5,87.80140915,119.2258333,22.36818209,49.82937808,5.948555601,Normal,0.96,0,99.79804558,30.32747825,7.896361226,69.40248337,46.33136414
4/6/2024 5:45,S3,84.60877753,104.5223121,37.85638502,16.71258383,14.00850815,Warning,0.77,0,16.81675224,92.42604336,59.54715026,61.37903557,46.69504544
4/5/2024 2:25,S3,66.70476865,92.15135667,22.8475381,30.74246755,14.56754496,Warning,0.85,0,51.97166148,96.7331883,9.494940259,16.38421704,44.89063983
4/5/2024 1:25,S2,78.15158166,110.6521506,40.00542174,11.76263446,13.22461051,Normal,0.71,0,4.413583111,86.38643977,66.71385918,45.15136508,53.69777661
4/5/2024 2:55,S1,92.22680612,96.53677663,49.92884892,15.7022622,7.764708337,Normal,0.99,0,14.28517281,44.32017588,99.80697179,80.52401122,56.46468107
4/3/2024 7:50,S1,88.89067727,92.97534299,29.96573099,40.09591529,6.10931705,Warning,0.73,0,75.40874857,31.56607801,33.23302535,72.13993853,50.35986304
4/3/2024 0:55,S3,97.02274052,95.55586704,24.85014309,23.90075181,14.42082649,Failure,0.71,1,34.8282624,95.60278383,16.17332173,92.57674195,37.66546137
4/4/2024 9:00,S5,73.83532228,110.1219694,48.58445051,29.99835968,11.94911189,Warning,0.75,0,50.10713822,76.55925611,95.32360861,34.30411245,37.93780945
4/4/2024 20:25,S5,79.92782866,91.53406144,40.1347242,42.57547117,8.635981708,Normal,0.79,0,81.62181232,51.03297299,67.14506312,49.61527661,38.53753801
4/3/2024 3:35,S2,85.29057152,96.73846836,31.15172199,37.35465807,5.561845293,Normal,0.98,0,68.5399355,27.34803698,37.18812403,63.09246171,54.55174486
4/3/2024 3:30,S4,83.22353401,117.8425092,42.8302377,47.34997692,2.517548713,Normal,0.58,1,93.58536951,3.893004421,76.13418858,57.89776045,43.67266479
4/4/2024 3:25,S2,82.03429482,110.0376,38.20195174,37.05444271,9.934719102,Warning,0.74,0,67.78768096,61.03920171,60.69956244,54.90906659,40.31475004
4/3/2024 13:55,S3,75.57182456,101.5149886,49.35576405,33.33009569,11.73191321,Warning,0.82,0,58.45552368,74.88583106,97.89582136,38.66814096,34.77933854
4/4/2024 17:25,S1,87.57859877,105.4971789,36.25282893,46.32074182,2.284007256,Normal,0.75,0,91.00639827,2.093665121,54.19953583,68.84253543,52.4007939
4/6/2024 1:00,S1,94.7222676,111.3962065,41.73794861,39.01486401,10.32581456,Normal,0.94,0,72.69994068,64.05242874,72.49157142,86.79539086,32.5833959
4/5/2024 1:45,S5,80.79095794,94.27782432,29.75871855,11.82340632,9.580374845,Normal,0.77,0,4.565860143,58.30912733,32.5426705,51.78441905,67.9339119
4/5/2024 15:00,S5,92.76755438,114.2470563,37.42097254,16.15134822,14.25877619,Normal,0.83,0,15.410455,94.35425404,58.09511618,81.88297334,44.67978708
4/3/2024 8:20,S4,71.72590921,108.4795635,36.17283658,15.85745026,3.913122264,Failure,0.9,1,14.67403008,14.64531525,53.93277358,29.00291656,73.74802144
4/4/2024 11:30,S1,77.29339204,92.89603411,22.50663013,45.91741174,4.184260679,Normal,0.57,1,89.99576749,16.73432339,8.358064264,42.9946366,52.09129489
4/3/2024 14:50,S5,61.2473254,98.96176721,31.53065116,20.8596801,5.278247407,Normal,0.77,0,27.20819925,25.16303382,38.45179486,2.669039045,75.63539529
4/4/2024 13:00,S5,94.74492672,113.8373484,32.47325311,37.02651609,14.72741393,Failure,0.91,1,67.71770476,97.9649119,41.59522826,86.8523358,22.08656635
4/4/2024 10:40,S2,66.54495285,90.54019667,25.37759767,31.77379551,6.240866591,Normal,0.63,1,54.55587683,32.57961223,17.93230214,15.98258168,60.21447534
4/6/2024 0:30,S3,68.34042057,94.09802711,45.17541185,14.2160551,11.14260396,Normal,0.82,0,10.56115934,70.34544962,83.95498584,20.49479708,57.03995928
4/6/2024 1:30,S3,66.9409806,93.34536637,44.04337329,37.16650273,11.25886267,Normal,0.54,1,68.06847158,71.24117436,80.17981029,16.97784464,32.51686791
