Scenario,Telemetry_Type,Pod_Status,node_name,pod_name,timestamp,CPU (%),Energy (watts),MEM (%),fs (%),rx (B/sec),tx (B/sec),MEM (B),Infrastructure_Efficiency_Score
Node_Pods_Off,Node,Pods Off,rpi4,,2026-02-01 01:14:02,0.6207499999998997,88.69199999968211,0.6931901728844404,0.7368753216922586,115739.43333333332,133942.43333333335,,19.11
Pod_Pods_On,Pod,Pods On,,forecaster-tenant-pool,2026-01-26 08:58:03,0.0043673397148732,2.8551999999990585,,,,,849002496.0,80.81
Pod_Pods_On,Pod,Pods On,,forecaster-tenant-pool,2026-01-26 20:52:04,0.0058250035864738,2.6795999999994216,,,,,879202304.0,78.97
Pod_Pods_On,Pod,Pods On,,weathercollector-berlin,2026-01-26 07:44:03,0.0,0.0,,,,,40267776.0,99.84
Node_Pods_On,Node,Pods On,rpi4,,2026-01-25 04:24:05,0.1359999999995125,84.93049999972186,0.7830276875081242,0.6915338246979569,39854.8,44698.833333333336,,37.12
Node_Pods_Off,Node,Pods Off,rpi4,,2026-02-03 00:30:02,0.0769166666667842,82.3109999994437,0.3983787859092682,0.7206526529791779,18717.533333333333,46928.066666666666,,50.58
Pod_Pods_On,Pod,Pods On,,weathercollect-thess,2026-01-26 16:55:04,0.0,0.0,,,,,28692480.0,100.0
Node_Pods_Off,Node,Pods Off,vm-node,,2026-01-31 16:07:02,0.2402916666666443,84.14579999993245,0.5814915388897557,0.7750831323533183,818474.5666666667,1231196.2,,39.14
Node_Pods_On,Node,Pods On,rpi4,,2026-01-25 06:46:02,0.109333333333484,83.1669999996821,0.7784843364097231,0.6916507613721581,38958.86666666667,43795.26666666667,,38.56
Node_Pods_On,Node,Pods On,rpi4,,2026-01-25 01:02:04,0.0884166666670277,82.50699999928476,0.775540361367477,0.6926129945513363,19045.2,24561.4,,39.51
Node_Pods_On,Node,Pods On,vm-node,,2026-01-26 01:02:02,0.1622500000000628,83.65479999979337,0.5528051122285869,0.7602247800001394,550099.0666666667,700825.7,,42.78
Node_Pods_Off,Node,Pods Off,rpi4,,2026-02-01 15:39:05,0.6431666666669874,94.72550000151,0.7251714545690888,0.7319714312663125,76143.03333333334,101680.53333333333,,16.49
Node_Pods_Off,Node,Pods Off,rpi4,,2026-02-01 23:00:02,0.6040833333336044,88.93849999904633,0.7157842194202522,0.7323676058007508,108666.43333333332,128606.23333333332,,19.15
Pod_Pods_On,Pod,Pods On,,forecaster-tenant-pool,2026-01-25 14:27:32,0.0012809178254883,0.9214000000018736,,,,,806801408.0,86.97
Node_Pods_On,Node,Pods On,rpi4,,2026-01-26 07:40:02,0.1703333333333375,86.16850000023842,0.7810321071103601,0.6920867130005511,70689.93333333333,73701.73333333334,,35.69
Pod_Pods_Off,Pod,Pods Off,,forecaster-tenant-pool,2026-02-01 03:25:35,0.0020083843402845,1.214900000000125,,,,,1154965504.0,81.11
Pod_Pods_On,Pod,Pods On,,weathercollect-thess,2026-01-25 11:12:32,0.0,0.0,,,,,28827648.0,100.0
Pod_Pods_On,Pod,Pods On,,weatherforecaster-berlin-edge,2026-01-24 20:47:02,0.0,0.0,,,,,260739072.0,96.85
Node_Pods_On,Node,Pods On,rpi4,,2026-01-24 12:56:02,0.1087499999999181,83.23469999929269,0.7702202001819837,0.692394154017706,37365.7,42127.86666666667,,38.8
Pod_Pods_On,Pod,Pods On,,weathercollect-thess,2026-01-26 19:20:33,0.0,0.0,,,,,28692480.0,100.0
Pod_Pods_On,Pod,Pods On,,forecaster-tenant-pool,2026-01-26 18:22:33,0.0030709144118746,1.7275000000011156,,,,,877182976.0,83.13
Node_Pods_On,Node,Pods On,rpi4,,2026-01-26 01:46:02,0.1565833333335073,85.74080000023046,0.783397894189523,0.6918753223574274,54222.833333333336,58500.5,,36.2
Pod_Pods_Off,Pod,Pods Off,,forecaster-tenant-pool,2026-02-03 00:06:02,0.0003311064475597,0.2004000000045683,,,,,1175126016.0,83.83
Pod_Pods_Off,Pod,Pods Off,,forecaster-tenant-pool,2026-02-02 17:36:34,0.0024024220606475,1.2577999999955258,,,,,1115623424.0,81.15
Pod_Pods_On,Pod,Pods On,,weatherforecaster-berlin-edge,2026-01-25 11:49:32,0.0,0.0,,,,,260841472.0,96.84
Node_Pods_On,Node,Pods On,vm-node,,2026-01-24 13:48:32,0.2890416666666959,83.90320000002781,0.5438745826403201,0.7599793447322749,741743.6333333333,997984.7,,38.36
Pod_Pods_On,Pod,Pods On,,weatherforecaster-berlin-vm,2026-01-25 03:21:02,0.0,0.0,,,,,442519552.0,94.38
Node_Pods_Off,Node,Pods Off,rpi4,,2026-02-02 22:53:03,0.0705000000011371,81.75580000082654,0.4006582607565319,0.7204883562867564,12042.166666666668,39065.7,,50.83
Node_Pods_Off,Node,Pods Off,rpi4,,2026-02-02 22:39:34,0.0730833333340948,81.74470000068348,0.4002318991290783,0.7204634789738148,11390.566666666666,38961.0,,50.74
Node_Pods_On,Node,Pods On,vm-node,,2026-01-24 19:44:03,0.1567500000000377,83.72010000000397,0.5451112354674125,0.7601909621970516,682259.1666666666,849768.9333333333,,43.49
Node_Pods_On,Node,Pods On,vm-node,,2026-01-26 19:50:32,0.2141666666665868,85.45839999988675,0.5748358127648471,0.7612239817787864,989080.9666666668,1281807.7666666666,,40.73
Node_Pods_Off,Node,Pods Off,rpi4,,2026-02-01 06:10:12,0.6210000000003598,95.25720000068348,0.7217158455738983,0.7340076459822674,126053.1,145800.8,,17.47
Node_Pods_Off,Node,Pods Off,vm-node,,2026-02-02 04:14:02,0.1654166666668744,83.95059999972582,0.5865458598479603,0.7748274098516473,903786.2666666666,1396477.8333333335,,42.24
Pod_Pods_On,Pod,Pods On,,weatherforecaster-berlin-edge,2026-01-26 17:42:02,0.0139985861791551,2.9304000000003727,,,,,258736128.0,78.04
Pod_Pods_On,Pod,Pods On,,weatherforecaster-berlin-vm,2026-01-25 06:03:33,0.0034155551808649,2.008600000000054,,,,,442515456.0,88.34
Pod_Pods_On,Pod,Pods On,,weathercollector-berlin,2026-01-26 17:10:02,0.0,0.0,,,,,40267776.0,99.84
Pod_Pods_On,Pod,Pods On,,forecaster-tenant-pool,2026-01-25 13:22:33,0.0019990188655804,1.0120000000017777,,,,,806817792.0,86.07
Pod_Pods_On,Pod,Pods On,,forecaster-tenant-pool,2026-01-26 19:54:32,0.0061712421941155,3.56349999999893,,,,,878145536.0,77.62
Node_Pods_Off,Node,Pods Off,rpi4,,2026-02-01 05:35:34,0.614333333332388,88.02919999957086,0.7128132068113869,0.7318704586431967,78461.73333333334,102990.73333333334,,18.9
Pod_Pods_On,Pod,Pods On,,weathercollect-thess,2026-01-26 19:32:32,0.0007090469241994,0.0,,,,,28676096.0,99.21
Pod_Pods_On,Pod,Pods On,,weathercollect-thess,2026-01-25 00:17:02,0.0,0.0,,,,,28827648.0,100.0
Node_Pods_Off,Node,Pods Off,rpi4,,2026-02-01 14:18:35,0.6547500000001188,87.98399999936423,0.7040800727934486,0.734459694695505,110475.5,132663.83333333334,,17.56
Node_Pods_Off,Node,Pods Off,vm-node,,2026-02-02 17:55:02,0.2219999999995964,84.82229999999205,0.6035471891189156,0.7820330456200636,1114699.5,1850683.4,,39.77
Node_Pods_On,Node,Pods On,rpi4,,2026-01-25 00:30:02,0.1089166666673008,83.19969999988874,0.7677545820876122,0.6928334314900753,36766.7,43411.8,,38.86
Pod_Pods_Off,Pod,Pods Off,,forecaster-tenant-pool,2026-02-02 16:32:32,0.0027347984406584,1.2727000000024418,,,,,1116037120.0,80.76
Node_Pods_On,Node,Pods On,vm-node,,2026-01-27 00:50:04,0.2120416666666817,84.45259999980529,0.5754332666304308,0.7612358456001493,621857.5333333333,820436.3,,40.16
Node_Pods_Off,Node,Pods Off,vm-node,,2026-02-02 21:23:06,0.2314166666667462,85.05960000008345,0.5988438677427733,0.7814132890515872,667137.3333333333,1482275.3666666667,,38.69
Node_Pods_On,Node,Pods On,vm-node,,2026-01-25 22:10:32,0.2574166666666652,84.26579999998212,0.5476658406087044,0.7602450785649298,767227.8666666667,1051917.6,,39.54
Pod_Pods_On,Pod,Pods On,,forecaster-tenant-pool,2026-01-25 18:09:02,0.0018010477883187,0.1928999999976137,,,,,804679680.0,87.24
Pod_Pods_On,Pod,Pods On,,weathercollect-thess,2026-01-26 18:45:32,0.0,0.0,,,,,28692480.0,100.0
Node_Pods_On,Node,Pods On,rpi4,,2026-01-26 12:58:33,0.1336666666666967,84.97299999992055,0.8262461978421942,0.69220817282256,71544.1,77233.53333333333,,35.99
Node_Pods_On,Node,Pods On,vm-node,,2026-01-24 13:56:33,0.2427916666667023,84.2445000000298,0.5418842056760186,0.7599158082537463,698267.7666666666,967327.6333333332,,40.16
Node_Pods_On,Node,Pods On,rpi4,,2026-01-26 19:24:33,0.1039166666665778,83.24129999975365,0.824629143377096,0.6922145584429942,38154.066666666666,43627.63333333333,,37.39
Node_Pods_On,Node,Pods On,vm-node,,2026-01-25 22:00:02,0.1921250000000479,85.30210000003378,0.5488097536017011,0.760291036092203,735092.9333333333,912790.6,,41.86
Pod_Pods_On,Pod,Pods On,,forecaster-tenant-pool,2026-01-25 22:08:02,0.004305881025937,1.913200000000476,,,,,807608320.0,82.49
Pod_Pods_On,Pod,Pods On,,weathercollect-thess,2026-01-26 03:33:32,0.0,0.0,,,,,28581888.0,100.0
Pod_Pods_On,Pod,Pods On,,weatherforecaster-berlin-edge,2026-01-26 19:50:32,0.0089210134686634,4.259299999999348,,,,,259141632.0,82.19
Pod_Pods_On,Pod,Pods On,,weatherforecaster-berlin-vm,2026-01-25 22:49:32,0.0,0.0,,,,,442617856.0,94.37
Pod_Pods_On,Pod,Pods On,,weathercollect-thess,2026-01-25 19:13:32,0.0,0.0,,,,,28581888.0,100.0
Node_Pods_Off,Node,Pods Off,vm-node,,2026-02-01 19:46:32,0.2354166666666231,84.12440000027418,0.5853351303603198,0.7747905571175131,918242.4666666668,1440048.0333333332,,39.49
Pod_Pods_On,Pod,Pods On,,weatherforecaster-berlin-vm,2026-01-25 10:23:02,0.0,0.0,,,,,442556416.0,94.37
Pod_Pods_Off,Pod,Pods Off,,forecaster-tenant-pool,2026-02-01 12:23:06,0.0008632415408497,0.0876999999946444,,,,,1129222144.0,83.99
Node_Pods_On,Node,Pods On,rpi4,,2026-01-25 07:40:32,0.1182500000004438,83.47970000008742,0.7895520603145717,0.6916379901312897,39249.93333333333,44091.86666666667,,37.83
Pod_Pods_On,Pod,Pods On,,weatherforecaster-berlin-vm,2026-01-25 04:00:02,0.000171926091405,0.0,,,,,442519552.0,94.18
Pod_Pods_On,Pod,Pods On,,weatherforecaster-berlin-vm,2026-01-26 07:03:02,0.0042399724745688,2.109999999999612,,,,,442650624.0,87.3
Node_Pods_Off,Node,Pods Off,vm-node,,2026-02-02 05:02:32,0.2794583333332384,84.16749999970197,0.579961209921361,0.7748163343240626,1062090.5,1597253.7666666666,,38.16
Pod_Pods_On,Pod,Pods On,,forecaster-tenant-pool,2026-01-25 04:13:32,0.0012433163557565,0.9152000000003074,,,,,801210368.0,87.1
Pod_Pods_On,Pod,Pods On,,weatherforecaster-berlin-edge,2026-01-25 09:27:02,0.0074666509640628,2.385699999999876,,,,,260816896.0,85.88
Node_Pods_Off,Node,Pods Off,vm-node,,2026-01-31 19:12:02,0.167916666666352,84.1094999998808,0.594458928789195,0.7756115256728932,803271.6,1320359.8,,41.69
Pod_Pods_Off,Pod,Pods Off,,forecaster-tenant-pool,2026-01-31 18:08:34,0.0020412629435314,1.366099999996974,,,,,1117138944.0,81.41
Pod_Pods_On,Pod,Pods On,,weathercollector-berlin,2026-01-24 14:34:03,0.0001190693867261,0.0673000000000001,,,,,38604800.0,99.66
Node_Pods_On,Node,Pods On,vm-node,,2026-01-25 13:54:32,0.2182083333332935,84.98539999996622,0.5421949206319843,0.7601450046697784,747821.5,995725.5333333332,,41.12
Node_Pods_Off,Node,Pods Off,rpi4,,2026-02-02 15:52:03,0.0860000000003613,82.40349999864898,0.401476667099961,0.7204415284035722,19115.166666666668,45156.0,,50.12
Pod_Pods_On,Pod,Pods On,,weathercollect-thess,2026-01-26 13:42:32,0.0,0.0,,,,,28692480.0,100.0
Pod_Pods_On,Pod,Pods On,,weathercollector-berlin,2026-01-26 22:12:32,0.0,0.0,,,,,40267776.0,99.84
Node_Pods_Off,Node,Pods Off,vm-node,,2026-02-01 22:16:02,0.1696250000000319,83.86260000020266,0.5836065426127367,0.7748695441540958,914364.3666666668,1408910.6666666667,,42.19
Pod_Pods_On,Pod,Pods On,,weathercollect-thess,2026-01-24 14:56:37,0.0,0.0,,,,,28655616.0,100.0
Node_Pods_Off,Node,Pods Off,rpi4,,2026-02-02 15:59:33,0.0715000000003707,81.8091000000636,0.398557649811517,0.7204541666106816,13225.133333333331,40564.43333333333,,50.85
Pod_Pods_On,Pod,Pods On,,weathercollect-thess,2026-01-26 14:39:32,0.0,0.0,,,,,28692480.0,100.0
Node_Pods_On,Node,Pods On,rpi4,,2026-01-26 22:46:02,0.1353333333330965,85.04089999993641,0.8295260626543611,0.6917606472571299,36343.46666666667,44160.83333333333,,35.76
Node_Pods_Off,Node,Pods Off,rpi4,,2026-02-02 09:50:32,0.62866666666683,89.034899999698,0.7210991810737034,0.7303591951404365,115734.66666666666,139803.6666666667,,18.05
Pod_Pods_On,Pod,Pods On,,weathercollect-thess,2026-01-26 04:46:02,0.0,0.0,,,,,28573696.0,100.0
Pod_Pods_On,Pod,Pods On,,weatherforecaster-berlin-edge,2026-01-25 19:38:33,0.008772529785467,2.167700000002515,,,,,259633152.0,84.69
Pod_Pods_On,Pod,Pods On,,forecaster-tenant-pool,2026-01-24 19:43:33,0.0080829498907116,3.371300000000156,,,,,751210496.0,77.43
Pod_Pods_Off,Pod,Pods Off,,forecaster-tenant-pool,2026-02-01 21:12:34,0.0021742061210172,1.0469000000007629,,,,,1111441408.0,81.7
Pod_Pods_Off,Pod,Pods Off,,forecaster-tenant-pool,2026-01-31 13:33:02,0.0002150254551844,0.0888000000038421,,,,,1140305920.0,84.56
Pod_Pods_On,Pod,Pods On,,weathercollect-thess,2026-01-25 04:40:32,0.0,0.0,,,,,28827648.0,100.0
Pod_Pods_On,Pod,Pods On,,weathercollector-berlin,2026-01-24 17:24:02,0.0001310472606566,0.0637999999999995,,,,,38604800.0,99.65
Node_Pods_Off,Node,Pods Off,rpi4,,2026-02-02 01:12:32,0.5960000000001249,90.54580000042915,0.7143200311971922,0.7322583850845742,100049.46666666666,130452.06666666668,,19.3
Pod_Pods_On,Pod,Pods On,,weatherforecaster-berlin-edge,2026-01-24 15:59:02,0.0088411960601383,2.226999999999922,,,,,260681728.0,84.53
Node_Pods_On,Node,Pods On,vm-node,,2026-01-24 14:49:03,0.1486250000000199,83.9320000000298,0.5363975856486446,0.7600644016309502,651393.5,813064.2333333334,,43.98
Node_Pods_Off,Node,Pods Off,vm-node,,2026-02-02 17:10:04,0.2354583333336308,84.97390000025432,0.6095422960581676,0.7818997451421581,1254535.7,1969939.6333333333,,39.3
Pod_Pods_Off,Pod,Pods Off,,forecaster-tenant-pool,2026-02-02 11:01:05,0.0013001438289183,0.7088000000066434,,,,,1112723456.0,83.03
Pod_Pods_On,Pod,Pods On,,forecaster-tenant-pool,2026-01-25 12:58:04,0.0015621032469066,0.0733999999972487,,,,,805982208.0,87.62
Pod_Pods_On,Pod,Pods On,,weatherforecaster-berlin-edge,2026-01-26 12:59:33,0.0096032262950584,2.389399999997113,,,,,260325376.0,83.51
Pod_Pods_On,Pod,Pods On,,weathercollect-thess,2026-01-24 14:23:02,0.0,0.0,,,,,28655616.0,100.0
Pod_Pods_On,Pod,Pods On,,weatherforecaster-berlin-edge,2026-01-26 02:14:32,0.0,0.0,,,,,259674112.0,96.86
Pod_Pods_On,Pod,Pods On,,weatherforecaster-berlin-vm,2026-01-24 06:05:32,0.0,0.0,,,,,442191872.0,94.38
Node_Pods_Off,Node,Pods Off,vm-node,,2026-02-01 19:12:02,0.3004166666666042,84.34510000000397,0.578153391685594,0.7747267447361621,839743.6666666666,1329845.566666667,,36.89
Pod_Pods_On,Pod,Pods On,,weatherforecaster-berlin-vm,2026-01-25 20:25:32,0.0063204363918318,2.465300000001056,,,,,442580992.0,84.6
Pod_Pods_On,Pod,Pods On,,forecaster-tenant-pool,2026-01-26 23:09:02,0.0060202721316223,0.0757000000019009,,,,,886165504.0,81.57
Pod_Pods_On,Pod,Pods On,,weatherforecaster-berlin-vm,2026-01-26 02:17:02,0.0,0.0,,,,,442634240.0,94.37
Node_Pods_Off,Node,Pods Off,vm-node,,2026-02-02 12:23:06,0.2530416666665849,86.56750000019868,0.6041711748530463,0.781390152629195,1057962.8333333333,1956147.8333333333,,38.28
Pod_Pods_On,Pod,Pods On,,weathercollect-thess,2026-01-25 08:52:36,0.0007404154439737,0.2117999999999787,,,,,28827648.0,98.94
Pod_Pods_On,Pod,Pods On,,weathercollect-thess,2026-01-25 01:43:03,0.0,0.0,,,,,28827648.0,100.0
Pod_Pods_On,Pod,Pods On,,weatherforecaster-berlin-edge,2026-01-25 08:14:32,0.0095201053799258,3.3514000000005275,,,,,260780032.0,82.52
Pod_Pods_On,Pod,Pods On,,weatherforecaster-berlin-vm,2026-01-24 07:56:02,0.0,0.0,,,,,442224640.0,94.38
Pod_Pods_Off,Pod,Pods Off,,forecaster-tenant-pool,2026-01-31 06:34:35,0.0020683984608233,1.3736999999988864,,,,,1140224000.0,81.06
Node_Pods_Off,Node,Pods Off,vm-node,,2026-02-02 18:08:03,0.2595416666670551,84.77809999982516,0.6074440877382118,0.7820758893869126,1193613.0333333334,1972776.4666666663,,38.33
Node_Pods_On,Node,Pods On,vm-node,,2026-01-26 07:42:03,0.2112916666667912,85.75239999989668,0.552063436967461,0.7601999881608128,791632.6,951455.0,,41.03
Pod_Pods_Off,Pod,Pods Off,,forecaster-tenant-pool,2026-01-31 03:11:32,0.0021821188539557,1.0252999999970902,,,,,1138622464.0,81.35
Pod_Pods_On,Pod,Pods On,,weatherforecaster-berlin-edge,2026-01-25 15:28:32,0.0096414286958056,2.405799999999969,,,,,259633152.0,83.45
Node_Pods_On,Node,Pods On,vm-node,,2026-01-24 12:15:02,0.1470000000000044,83.2875999999543,0.5341468799374529,0.7600292437284394,585148.9666666667,739928.6666666666,,44.06
Node_Pods_On,Node,Pods On,rpi4,,2026-01-27 00:23:32,0.1232499999998405,83.91090000073115,0.8236568308852203,0.6925619095878628,45331.066666666666,50569.43333333333,,36.57
Pod_Pods_Off,Pod,Pods Off,,forecaster-tenant-pool,2026-01-31 14:14:36,0.0022786270427892,1.3967000000015104,,,,,1139261440.0,80.82
Node_Pods_On,Node,Pods On,rpi4,,2026-01-26 12:41:09,0.0973333333331538,83.32749999960265,0.8365963863252307,0.6923998744693449,19419.2,25428.6,,37.25
Pod_Pods_On,Pod,Pods On,,weathercollect-thess,2026-01-26 06:39:02,0.0007740233878482,0.2023000000000441,,,,,28565504.0,98.91
Pod_Pods_On,Pod,Pods On,,forecaster-tenant-pool,2026-01-24 06:35:02,0.0021928905507667,0.0808999999997164,,,,,795742208.0,87.05
Pod_Pods_Off,Pod,Pods Off,,forecaster-tenant-pool,2026-01-31 12:06:32,0.0023029712508648,1.4075999999979711,,,,,1141321728.0,80.75
Node_Pods_On,Node,Pods On,rpi4,,2026-01-24 07:36:02,0.0931666666663053,82.461199999849,0.7710323670869622,0.6916737762124731,17266.166666666664,24365.8,,39.48
Pod_Pods_On,Pod,Pods On,,weathercollector-berlin,2026-01-25 01:05:34,0.0,0.0,,,,,38612992.0,99.86
Pod_Pods_On,Pod,Pods On,,weathercollect-thess,2026-01-25 08:57:06,0.0,0.0,,,,,28827648.0,100.0
Pod_Pods_On,Pod,Pods On,,weatherforecaster-berlin-vm,2026-01-24 11:33:03,0.0059560953850519,2.7946999999995263,,,,,442318848.0,84.64
Node_Pods_Off,Node,Pods Off,vm-node,,2026-01-31 10:50:38,0.2402916666665741,84.05989999969802,0.5743844058820909,0.7748878325697517,1031744.3333333334,1586419.1333333333,,39.86
Node_Pods_Off,Node,Pods Off,rpi4,,2026-02-02 01:40:36,0.5581666666669662,93.99110000133516,0.7233921747042766,0.7294698644612153,78304.4,107313.23333333334,,20.11
Node_Pods_On,Node,Pods On,rpi4,,2026-01-25 14:43:32,0.1158333333340806,83.47469999988874,0.77675185233329,0.6918737259523189,62102.63333333334,65397.066666666666,,38.35
Pod_Pods_On,Pod,Pods On,,weathercollect-thess,2026-01-24 10:47:02,0.0,0.0,,,,,28655616.0,100.0
Node_Pods_On,Node,Pods On,vm-node,,2026-01-24 10:11:32,0.202083333333343,85.47920000006755,0.5418490326943209,0.7599388658467606,812067.9,1055360.6,,41.83
Pod_Pods_On,Pod,Pods On,,forecaster-tenant-pool,2026-01-25 06:06:03,0.0021213699878057,0.7984000000015233,,,,,801964032.0,86.24
Pod_Pods_Off,Pod,Pods Off,,forecaster-tenant-pool,2026-02-02 09:20:06,0.0001875845675522,0.0788999999993393,,,,,1114079232.0,84.95
Node_Pods_Off,Node,Pods Off,rpi4,,2026-02-01 12:15:32,0.5714166666671948,93.35669999917349,0.7235024047835695,0.7319054465218258,111562.86666666668,132782.8,,19.67
Pod_Pods_On,Pod,Pods On,,weathercollector-berlin,2026-01-25 11:38:02,0.0,0.0,,,,,39436288.0,99.85
Node_Pods_On,Node,Pods On,rpi4,,2026-01-25 08:12:02,0.1274999999999257,84.37020000020662,0.7821614454699077,0.6912005751315471,49617.1,54130.8,,37.59
Node_Pods_On,Node,Pods On,rpi4,,2026-01-25 15:10:03,0.106250000000197,83.15250000059606,0.778648641622254,0.6914679729872292,37545.03333333333,42688.5,,38.68
Node_Pods_Off,Node,Pods Off,vm-node,,2026-02-02 21:10:02,0.2425833333332529,85.03769999990861,0.5934735984783852,0.781368316891537,1285044.2666666666,1992135.6666666665,,39.54
Node_Pods_On,Node,Pods On,rpi4,,2026-01-24 08:59:08,0.1688333333338505,83.06139999926091,0.7697720005199532,0.6922644461026364,37436.03333333333,41807.2,,36.42
Pod_Pods_On,Pod,Pods On,,weathercollector-berlin,2026-01-25 09:27:02,0.0,0.0,,,,,39424000.0,99.85
Pod_Pods_On,Pod,Pods On,,weatherforecaster-berlin-vm,2026-01-24 21:27:32,0.0039863909828933,0.0,,,,,442466304.0,89.94
Node_Pods_Off,Node,Pods Off,vm-node,,2026-02-02 02:16:32,0.1765833333333225,83.83260000000398,0.576860389064294,0.7751004354017513,916365.4666666668,1462066.1,,42.14
Node_Pods_On,Node,Pods On,vm-node,,2026-01-26 11:01:02,0.1836249999999927,86.26319999992847,0.5664715803524941,0.7611768812255347,845379.0333333333,1037717.4666666668,,41.76
Pod_Pods_On,Pod,Pods On,,weatherforecaster-berlin-vm,2026-01-24 19:59:02,0.0,0.0,,,,,442470400.0,94.38
Node_Pods_Off,Node,Pods Off,vm-node,,2026-02-02 16:11:02,0.2271666666666308,85.27809999982516,0.6062932375135306,0.7815722484919755,1220098.8333333333,1893069.0333333327,,39.6
Pod_Pods_Off,Pod,Pods Off,,forecaster-tenant-pool,2026-02-03 00:06:32,0.0018244711954922,1.1827999999990426,,,,,1174925312.0,81.07
Pod_Pods_On,Pod,Pods On,,weathercollector-berlin,2026-01-24 15:27:02,0.0,0.0,,,,,38617088.0,99.86
Pod_Pods_On,Pod,Pods On,,weathercollect-thess,2026-01-24 10:43:32,0.0,0.0,,,,,28655616.0,100.0
Node_Pods_On,Node,Pods On,rpi4,,2026-01-24 12:39:32,0.0988333333333306,82.63840000033379,0.7745805277525023,0.6921103930096613,18970.43333333333,24006.9,,39.11
Pod_Pods_On,Pod,Pods On,,weatherforecaster-berlin-edge,2026-01-24 23:35:32,0.0148761480716741,2.371099999997144,,,,,260747264.0,77.66
Node_Pods_On,Node,Pods On,vm-node,,2026-01-25 08:14:32,0.273374999999879,84.97139999990662,0.544128460978802,0.7599941646553063,859617.8666666667,1125344.433333333,,39.08
Node_Pods_Off,Node,Pods Off,vm-node,,2026-02-02 00:37:34,0.2425416666666048,84.61279999961455,0.5883916502992624,0.7749362732224265,831723.9666666667,1328867.6,,38.86
Pod_Pods_On,Pod,Pods On,,weathercollect-thess,2026-01-26 17:52:02,0.0006500774936343,0.0,,,,,28684288.0,99.28
Node_Pods_On,Node,Pods On,vm-node,,2026-01-25 11:34:02,0.173833333333392,83.83070000012715,0.5447861592248021,0.7603366783019649,614894.7666666666,775054.7333333334,,42.66
Node_Pods_On,Node,Pods On,vm-node,,2026-01-24 18:01:03,0.1879166666666752,84.52409999991457,0.5458695844257445,0.7599877006463245,610936.3,788151.2666666667,,41.98
Node_Pods_Off,Node,Pods Off,vm-node,,2026-02-01 11:00:02,0.1852916666665645,84.27179999997219,0.5915360418395397,0.7748108162676147,738635.1,1248374.1333333333,,40.94
Pod_Pods_Off,Pod,Pods Off,,forecaster-tenant-pool,2026-02-01 15:28:03,0.001473750254759,0.1782000000010763,,,,,1109970944.0,83.47
Node_Pods_On,Node,Pods On,vm-node,,2026-01-26 11:23:02,0.1617499999998406,85.47150000010927,0.5675070534607415,0.7611819657204045,611059.2,767801.3333333334,,42.23
Node_Pods_On,Node,Pods On,rpi4,,2026-01-25 17:39:32,0.1046666666664274,83.06729999979336,0.7792840244378006,0.6916889420610042,25131.0,29130.566666666666,,38.71
Pod_Pods_On,Pod,Pods On,,forecaster-tenant-pool,2026-01-26 10:25:32,0.0068034104621675,1.7474000000002583,,,,,849657856.0,79.33
Node_Pods_On,Node,Pods On,rpi4,,2026-01-24 07:21:02,0.1094166666671223,83.32050000031789,0.771407773300403,0.6917513348939966,36866.76666666667,43655.76666666666,,38.74
Pod_Pods_On,Pod,Pods On,,weathercollector-berlin,2026-01-24 20:46:32,0.0,0.0,,,,,38612992.0,99.86
Node_Pods_On,Node,Pods On,vm-node,,2026-01-25 13:07:32,0.2305000000000222,85.1929999999702,0.5555392334529377,0.7604088860120546,822216.2666666667,1064615.8666666667,,40.34
Pod_Pods_Off,Pod,Pods Off,,forecaster-tenant-pool,2026-02-01 11:43:03,0.0011830643813958,0.0923999999984516,,,,,1130987520.0,83.6
Node_Pods_On,Node,Pods On,rpi4,,2026-01-25 04:44:02,0.1097499999997732,83.23279999991257,0.77798518133368,0.6916739092462321,36104.566666666666,43218.7,,38.54
Node_Pods_On,Node,Pods On,vm-node,,2026-01-25 13:33:33,0.2824166666666687,83.95389999995629,0.5428393529437108,0.7603448765572589,665078.8666666667,947482.4666666668,,38.51
Pod_Pods_Off,Pod,Pods Off,,forecaster-tenant-pool,2026-02-02 04:14:02,0.000782547908258,0.083899999997205,,,,,1112174592.0,84.31
Pod_Pods_On,Pod,Pods On,,weatherforecaster-berlin-vm,2026-01-25 23:15:32,0.0,2.463499999998991,,,,,442617856.0,91.62
Pod_Pods_On,Pod,Pods On,,weatherforecaster-berlin-edge,2026-01-25 10:55:32,0.0096771447593699,2.446699999998479,,,,,260833280.0,83.35
Pod_Pods_On,Pod,Pods On,,weatherforecaster-berlin-edge,2026-01-24 06:13:02,0.0,0.0,,,,,260382720.0,96.85
Node_Pods_Off,Node,Pods Off,vm-node,,2026-02-02 10:06:07,0.2688749999999594,84.16929999987285,0.5771644102002134,0.7750028840466904,881110.2,1429784.1666666667,,38.32
Pod_Pods_On,Pod,Pods On,,weathercollector-berlin,2026-01-26 06:58:33,0.0,0.0,,,,,40267776.0,99.84
Pod_Pods_On,Pod,Pods On,,forecaster-tenant-pool,2026-01-26 00:32:33,0.0033454630283531,1.8131000000001225,,,,,809299968.0,83.65
Node_Pods_Off,Node,Pods Off,vm-node,,2026-02-02 13:15:02,0.2467500000000049,86.4680999999245,0.6047285875041715,0.7814422588479387,1373208.1666666667,2105006.8,,39.04
Pod_Pods_On,Pod,Pods On,,forecaster-tenant-pool,2026-01-24 11:11:33,0.0016154821885834,1.0445999999991424,,,,,775987200.0,86.88
Pod_Pods_On,Pod,Pods On,,weathercollector-berlin,2026-01-24 07:55:02,0.0,0.0,,,,,38612992.0,99.86
Pod_Pods_On,Pod,Pods On,,forecaster-tenant-pool,2026-01-25 06:20:03,0.0038591876314695,2.6931000000016563,,,,,802533376.0,82.19
Pod_Pods_Off,Pod,Pods Off,,forecaster-tenant-pool,2026-02-01 08:52:32,0.0019760585515946,0.6338999999978114,,,,,1157406720.0,81.76
Pod_Pods_On,Pod,Pods On,,weatherforecaster-berlin-edge,2026-01-25 18:10:02,0.0,0.0,,,,,259641344.0,96.86
Node_Pods_Off,Node,Pods Off,rpi4,,2026-02-02 23:48:02,0.071583333333721,81.70359999934833,0.4039682828545431,0.7205820120531247,12397.833333333332,39181.36666666667,,50.7
Pod_Pods_On,Pod,Pods On,,weatherforecaster-berlin-edge,2026-01-25 19:25:33,0.0,0.0,,,,,259637248.0,96.86
Pod_Pods_Off,Pod,Pods Off,,forecaster-tenant-pool,2026-02-02 22:54:03,0.0011888428041813,0.0888000000052367,,,,,1115275264.0,83.81
Pod_Pods_On,Pod,Pods On,,weathercollect-thess,2026-01-26 03:25:03,0.0,0.0,,,,,28573696.0,100.0
Node_Pods_On,Node,Pods On,vm-node,,2026-01-25 11:44:02,0.1476666666666249,83.44230000004173,0.5471826685071832,0.7603783396281466,557126.6666666666,704965.4,,43.57
Node_Pods_Off,Node,Pods Off,rpi4,,2026-02-02 12:18:02,0.6172500000002477,90.2902999997139,0.7121175094241519,0.7325474674429807,144102.0,172465.43333333332,,18.63
Pod_Pods_On,Pod,Pods On,,weatherforecaster-berlin-vm,2026-01-26 21:21:02,0.0,0.0,,,,,442716160.0,94.37
Pod_Pods_Off,Pod,Pods Off,,forecaster-tenant-pool,2026-02-01 01:50:03,0.000225913854055,0.1036999999950542,,,,,1154129920.0,84.34
Node_Pods_On,Node,Pods On,vm-node,,2026-01-25 00:13:02,0.1559583333333935,83.84239999999602,0.5418232310606881,0.7600220702550571,580001.7999999999,734826.9333333333,,43.4
Node_Pods_Off,Node,Pods Off,vm-node,,2026-02-01 13:10:02,0.1926249999998522,83.89150000015894,0.593409216100122,0.774746885642197,789630.7666666666,1219851.433333333,,40.69
Pod_Pods_On,Pod,Pods On,,weathercollect-thess,2026-01-24 18:55:04,0.0,0.0,,,,,28655616.0,100.0
Pod_Pods_On,Pod,Pods On,,weathercollector-berlin,2026-01-26 02:38:32,0.0,0.0,,,,,40267776.0,99.84
Pod_Pods_On,Pod,Pods On,,weathercollector-berlin,2026-01-26 13:44:02,0.0,0.0,,,,,40267776.0,99.84
Pod_Pods_On,Pod,Pods On,,weatherforecaster-berlin-edge,2026-01-26 02:28:02,0.0,2.126800000000124,,,,,259674112.0,94.49
Pod_Pods_Off,Pod,Pods Off,,forecaster-tenant-pool,2026-02-02 11:43:06,0.0002502881167815,0.2184999999978269,,,,,1116954624.0,84.69
Pod_Pods_On,Pod,Pods On,,weatherforecaster-berlin-edge,2026-01-24 18:56:04,0.0072221485751745,2.094200000000032,,,,,260714496.0,86.48
Node_Pods_On,Node,Pods On,vm-node,,2026-01-25 05:01:02,0.1829999999999989,85.1804000000159,0.5510098296921792,0.7601201734157629,683215.5,865356.0,,42.08
Node_Pods_On,Node,Pods On,rpi4,,2026-01-26 01:13:02,0.0965833333334027,82.81480000019073,0.7773872351488366,0.6913350722619425,19415.6,24839.766666666663,,39.12
Node_Pods_Off,Node,Pods Off,vm-node,,2026-02-02 20:53:07,0.2292916666665596,84.98260000000397,0.6037991201642932,0.7813223593642638,833805.3999999999,1685655.6333333333,,38.99
Pod_Pods_On,Pod,Pods On,,weathercollect-thess,2026-01-24 03:57:32,0.0,0.0,,,,,28614656.0,100.0
Pod_Pods_On,Pod,Pods On,,weathercollect-thess,2026-01-24 09:42:02,0.0,0.0,,,,,28655616.0,100.0
Node_Pods_Off,Node,Pods Off,vm-node,,2026-02-03 01:08:05,0.2301249999999064,84.71259999970594,0.6018388045372903,0.7815750469348884,683269.7,1496512.8,,38.73
Pod_Pods_On,Pod,Pods On,,forecaster-tenant-pool,2026-01-24 22:32:32,0.0029974900953703,1.6632999999988594,,,,,753999872.0,84.95
Pod_Pods_On,Pod,Pods On,,weathercollect-thess,2026-01-24 11:33:03,0.0,0.0,,,,,28655616.0,100.0
Pod_Pods_On,Pod,Pods On,,weathercollector-berlin,2026-01-25 02:40:33,0.0,0.0,,,,,38612992.0,99.86
Pod_Pods_On,Pod,Pods On,,weatherforecaster-berlin-edge,2026-01-25 06:05:33,0.0098239910527365,2.398599999999473,,,,,260784128.0,83.24
Pod_Pods_On,Pod,Pods On,,forecaster-tenant-pool,2026-01-24 02:13:04,0.0055513009868459,2.6856000000001585,,,,,801951744.0,80.32
Node_Pods_On,Node,Pods On,vm-node,,2026-01-25 18:40:02,0.2419583333333091,83.6749000000457,0.5517337359037278,0.7600359048108658,574351.1,728334.1333333333,,39.66
Pod_Pods_On,Pod,Pods On,,forecaster-tenant-pool,2026-01-26 15:35:33,0.0065818166518718,1.1114000000003217,,,,,956108800.0,78.84
Pod_Pods_On,Pod,Pods On,,forecaster-tenant-pool,2026-01-25 09:18:04,0.0061206866475738,2.716699999996672,,,,,803438592.0,79.63
Pod_Pods_On,Pod,Pods On,,forecaster-tenant-pool,2026-01-26 11:20:32,0.0031974184881047,1.6027000000000042,,,,,850182144.0,83.49
Pod_Pods_On,Pod,Pods On,,weatherforecaster-berlin-vm,2026-01-25 03:12:02,0.0,0.0,,,,,442519552.0,94.38
Node_Pods_Off,Node,Pods Off,rpi4,,2026-02-02 11:02:05,0.549583333333059,94.97650000055631,0.7173887950084492,0.7331140582227568,152696.63333333333,181853.9333333333,,20.57
Node_Pods_Off,Node,Pods Off,vm-node,,2026-02-03 00:02:32,0.2675833333334443,85.11030000001192,0.6130257600102428,0.7816768550763521,768690.0,1544635.6333333333,,36.98
Pod_Pods_On,Pod,Pods On,,weatherforecaster-berlin-vm,2026-01-25 13:43:02,0.0,0.0,,,,,442585088.0,94.37
Node_Pods_Off,Node,Pods Off,vm-node,,2026-02-02 04:52:33,0.2377083333333502,84.38310000002384,0.5814839931289763,0.7748050223083444,876138.8333333334,1337848.2333333334,,39.36
Pod_Pods_On,Pod,Pods On,,weatherforecaster-berlin-edge,2026-01-26 10:50:02,0.007632861363685,2.457800000001832,,,,,259833856.0,85.63
Pod_Pods_On,Pod,Pods On,,weatherforecaster-berlin-edge,2026-01-24 14:58:07,0.0085867937144766,2.184600000000016,,,,,260665344.0,84.86
Pod_Pods_On,Pod,Pods On,,weathercollect-thess,2026-01-24 13:07:32,0.0,0.0,,,,,28655616.0,100.0
Pod_Pods_Off,Pod,Pods Off,,forecaster-tenant-pool,2026-02-02 23:10:32,0.0030852884607048,0.9160000000044722,,,,,1115664384.0,80.78
Node_Pods_Off,Node,Pods Off,rpi4,,2026-02-01 16:10:02,0.6255833333327018,92.217199999094,0.7165048745612895,0.7322744821694187,93643.56666666668,118817.1,,17.81
Pod_Pods_On,Pod,Pods On,,forecaster-tenant-pool,2026-01-26 18:12:32,0.0033123579829166,1.7561000000022735,,,,,877723648.0,82.82
Node_Pods_Off,Node,Pods Off,rpi4,,2026-02-01 14:34:33,0.5771666666677295,91.94150000015895,0.7094553490185883,0.7319293925984539,143519.56666666665,163691.86666666667,,20.1
Pod_Pods_Off,Pod,Pods Off,,forecaster-tenant-pool,2026-02-02 02:06:32,0.0027524315014908,1.5486999999988864,,,,,1111805952.0,80.49
Node_Pods_On,Node,Pods On,rpi4,,2026-01-25 15:29:32,0.129999999999859,84.63009999990463,0.7784656180943715,0.6915974148347808,37315.16666666666,42806.2,,37.53
Node_Pods_Off,Node,Pods Off,vm-node,,2026-02-02 16:09:33,0.2526250000001738,84.75320000002782,0.6050665645635982,0.7815452888447587,702634.7333333333,1433192.5,,37.71
Node_Pods_Off,Node,Pods Off,rpi4,,2026-01-31 12:38:02,0.6555833333327049,95.41519999901452,0.7107427531522164,0.7316524163121206,119135.06666666668,140988.9,,16.42
Node_Pods_On,Node,Pods On,vm-node,,2026-01-24 21:26:32,0.2081250000000376,83.75219999998808,0.5335592842432101,0.7602014465043027,626281.2666666666,857354.2,,41.69
Pod_Pods_Off,Pod,Pods Off,,forecaster-tenant-pool,2026-01-31 20:29:02,0.0002637159827793,0.3376999999985855,,,,,1118150656.0,84.52
Node_Pods_Off,Node,Pods Off,vm-node,,2026-02-02 10:26:32,0.2425416666665072,85.44200000017881,0.5983526630571966,0.7781276805837551,916588.0333333332,1787256.6333333333,,38.79
Pod_Pods_Off,Pod,Pods Off,,forecaster-tenant-pool,2026-02-03 00:17:02,0.0017294062655228,0.1037999999962873,,,,,1173274624.0,82.41
Pod_Pods_On,Pod,Pods On,,forecaster-tenant-pool,2026-01-24 04:10:02,0.0021056205740323,0.7840999999983372,,,,,802996224.0,86.26
Pod_Pods_On,Pod,Pods On,,weatherforecaster-berlin-edge,2026-01-26 14:15:32,0.0,0.0,,,,,258744320.0,96.87
Pod_Pods_On,Pod,Pods On,,forecaster-tenant-pool,2026-01-24 12:08:34,0.0023126630166246,1.2275000000007823,,,,,776749056.0,85.89
Pod_Pods_On,Pod,Pods On,,weathercollect-thess,2026-01-25 02:34:32,0.0,0.0,,,,,28827648.0,100.0
Node_Pods_On,Node,Pods On,vm-node,,2026-01-25 21:48:32,0.2828333333332083,84.45520000010728,0.5443329267547606,0.7602239522916723,674620.8666666667,910691.8333333333,,38.38
Pod_Pods_On,Pod,Pods On,,forecaster-tenant-pool,2026-01-26 15:58:36,0.00290362783502,3.530499999996876,,,,,956157952.0,80.23
Pod_Pods_On,Pod,Pods On,,weathercollect-thess,2026-01-26 06:03:06,0.0,0.0,,,,,28581888.0,100.0
Pod_Pods_On,Pod,Pods On,,weathercollector-berlin,2026-01-24 08:25:32,0.0,0.0,,,,,38617088.0,99.86
Node_Pods_On,Node,Pods On,vm-node,,2026-01-24 15:18:02,0.159333333333343,85.32949999993046,0.5436134019526968,0.7599084771216084,794474.6,987057.2666666666,,43.45
Pod_Pods_On,Pod,Pods On,,weathercollect-thess,2026-01-25 08:00:02,0.0,0.0,,,,,28827648.0,100.0
Pod_Pods_On,Pod,Pods On,,weatherforecaster-berlin-edge,2026-01-24 09:07:02,0.0095699117634309,0.0,,,,,260452352.0,86.21
Node_Pods_On,Node,Pods On,vm-node,,2026-01-25 03:21:32,0.2232083333332771,83.95699999978144,0.5458990372339481,0.7600206907409451,942802.5,1221778.433333333,,41.34
Pod_Pods_On,Pod,Pods On,,weathercollector-berlin,2026-01-26 09:08:02,0.0,0.0,,,,,40267776.0,99.84
Node_Pods_Off,Node,Pods Off,rpi4,,2026-02-01 07:22:32,0.5989166666664081,90.97469999988874,0.7247565319121279,0.7320652200664397,140048.3,160888.69999999998,,18.9
Pod_Pods_On,Pod,Pods On,,forecaster-tenant-pool,2026-01-25 13:44:02,0.0066531330654217,2.5180999999970783,,,,,806084608.0,79.23
Pod_Pods_Off,Pod,Pods Off,,forecaster-tenant-pool,2026-01-31 12:44:03,0.0016480810449057,0.0718000000051082,,,,,1140826112.0,82.97
Node_Pods_Off,Node,Pods Off,rpi4,,2026-02-02 15:25:02,0.0872500000005175,82.5505999982357,0.3971880930716235,0.7203917737776891,21299.6,48683.1,,50.18
Node_Pods_Off,Node,Pods Off,vm-node,,2026-02-02 22:57:33,0.1822916666665607,84.55050000001987,0.5928569150933958,0.7814843537356984,839777.2333333333,1665846.7666666666,,41.25
Node_Pods_Off,Node,Pods Off,rpi4,,2026-02-02 16:11:32,0.0706666666656777,81.70359999934833,0.4025061744443,0.7204765162822013,11728.033333333333,38273.73333333333,,50.78
Node_Pods_Off,Node,Pods Off,rpi4,,2026-01-31 18:26:31,0.6087499999994633,94.85679999987283,0.7177049265566099,0.7344169908588513,133251.43333333332,153558.73333333334,,18.14
Node_Pods_On,Node,Pods On,vm-node,,2026-01-25 22:39:32,0.1902500000000027,83.88280000016093,0.5572762189020334,0.7601869418987824,668471.5,911403.5,,41.78
Pod_Pods_On,Pod,Pods On,,weathercollect-thess,2026-01-24 02:12:04,0.0,0.0,,,,,28614656.0,100.0
Pod_Pods_On,Pod,Pods On,,forecaster-tenant-pool,2026-01-26 03:54:33,0.006610686054387,4.171799999998195,,,,,811638784.0,77.35
Node_Pods_Off,Node,Pods Off,rpi4,,2026-02-01 02:36:02,0.6086666666675834,91.03889999985697,0.7097797998180164,0.7314375667912617,156406.5,179998.03333333333,,18.98
Pod_Pods_Off,Pod,Pods Off,,forecaster-tenant-pool,2026-02-01 11:13:02,0.0003202524874465,0.0714999999998932,,,,,1139449856.0,84.47
Pod_Pods_On,Pod,Pods On,,weatherforecaster-berlin-edge,2026-01-24 08:19:02,0.0091426305567584,2.298399999999674,,,,,260440064.0,84.12
Pod_Pods_Off,Pod,Pods Off,,forecaster-tenant-pool,2026-02-02 21:24:06,0.0001711272529295,0.4811999999982314,,,,,1115639808.0,84.5
Pod_Pods_On,Pod,Pods On,,weatherforecaster-berlin-vm,2026-01-24 21:11:02,0.00295914541714,0.0,,,,,442466304.0,91.09
Node_Pods_On,Node,Pods On,vm-node,,2026-01-26 11:46:32,0.1982083333333001,84.4445999999841,0.5761994047611804,0.7612190549426722,663062.9666666667,894357.2666666667,,40.79
Pod_Pods_On,Pod,Pods On,,weatherforecaster-berlin-vm,2026-01-26 18:22:03,0.0,2.8059000000008383,,,,,442716160.0,91.24
Pod_Pods_On,Pod,Pods On,,weatherforecaster-berlin-vm,2026-01-27 00:44:34,0.0,0.0,,,,,442765312.0,94.37
Pod_Pods_On,Pod,Pods On,,weatherforecaster-berlin-vm,2026-01-25 12:01:03,0.0,0.0,,,,,442568704.0,94.37
Node_Pods_Off,Node,Pods Off,rpi4,,2026-02-02 10:27:02,0.6028333333328874,88.1001999994119,0.7181604055634992,0.7332681113157318,75844.9,105870.23333333332,,19.17
Pod_Pods_On,Pod,Pods On,,weatherforecaster-berlin-vm,2026-01-24 09:27:02,0.0,0.0,,,,,442273792.0,94.38
Pod_Pods_On,Pod,Pods On,,weathercollect-thess,2026-01-25 16:09:32,0.0,0.0,,,,,28581888.0,100.0
Node_Pods_On,Node,Pods On,rpi4,,2026-01-26 06:49:32,0.0894166666670874,82.51259999970596,0.77800493955544,0.6912951621342287,20181.733333333334,24266.966666666664,,39.43
Pod_Pods_On,Pod,Pods On,,weatherforecaster-berlin-edge,2026-01-26 07:44:33,0.0072889156710725,2.7590000000006216,,,,,259698688.0,85.68
Pod_Pods_On,Pod,Pods On,,weathercollector-berlin,2026-01-26 15:21:02,0.0,0.0,,,,,40267776.0,99.84
Node_Pods_Off,Node,Pods Off,rpi4,,2026-01-31 07:19:32,0.5865833333329874,88.4945999999841,0.7088293253607175,0.7342336703388862,106633.06666666668,126655.93333333332,,20.08
Pod_Pods_On,Pod,Pods On,,weathercollector-berlin,2026-01-25 07:57:02,0.0,0.0,,,,,39391232.0,99.85
Pod_Pods_Off,Pod,Pods Off,,forecaster-tenant-pool,2026-02-01 02:08:02,0.0020163024917087,0.1007000000032955,,,,,1154338816.0,82.35
Pod_Pods_On,Pod,Pods On,,weathercollect-thess,2026-01-25 00:08:33,0.0,0.0,,,,,28827648.0,100.0
Pod_Pods_On,Pod,Pods On,,weathercollector-berlin,2026-01-24 21:28:02,0.0,0.0,,,,,38617088.0,99.86
Node_Pods_On,Node,Pods On,rpi4,,2026-01-25 21:24:32,0.1278333333333952,84.02709999978542,0.776203821656051,0.6913962677911035,69825.83333333333,74352.9,,37.83
Pod_Pods_On,Pod,Pods On,,weatherforecaster-berlin-edge,2026-01-26 06:56:33,0.0091018878374829,2.3047999999990383,,,,,259665920.0,84.17
Pod_Pods_On,Pod,Pods On,,weatherforecaster-berlin-vm,2026-01-25 15:28:02,0.0036677663709766,0.0,,,,,442580992.0,90.3
Node_Pods_Off,Node,Pods Off,rpi4,,2026-02-01 16:36:32,0.6551666666666355,89.06340000033379,0.7083936045755882,0.7342836910322874,59093.16666666666,78165.66666666667,,17.17
Pod_Pods_On,Pod,Pods On,,weatherforecaster-berlin-vm,2026-01-25 16:54:02,0.0,0.0,,,,,442585088.0,94.37
Pod_Pods_On,Pod,Pods On,,weatherforecaster-berlin-vm,2026-01-25 01:54:02,0.0,1.1187000000005356,,,,,442519552.0,93.13
Pod_Pods_On,Pod,Pods On,,weathercollector-berlin,2026-01-25 21:27:32,0.0,0.0,,,,,40263680.0,99.84
Pod_Pods_On,Pod,Pods On,,weathercollect-thess,2026-01-24 12:01:04,0.0,0.0,,,,,28655616.0,100.0
Node_Pods_Off,Node,Pods Off,rpi4,,2026-01-31 19:46:04,0.6167499999996607,94.28379999995234,0.7190557649811516,0.7340769565707302,75348.8,95589.36666666668,,17.75
Pod_Pods_On,Pod,Pods On,,forecaster-tenant-pool,2026-01-24 13:16:02,0.0014550299605598,0.9337999999995494,,,,,777261056.0,87.17
Pod_Pods_On,Pod,Pods On,,forecaster-tenant-pool,2026-01-25 15:44:02,0.0015934415743896,0.6906000000002072,,,,,807854080.0,86.87
Pod_Pods_On,Pod,Pods On,,weathercollect-thess,2026-01-26 20:30:32,0.0,0.0,,,,,28696576.0,100.0
Pod_Pods_On,Pod,Pods On,,weatherforecaster-berlin-edge,2026-01-24 19:25:02,0.0084655168368006,2.131400000001304,,,,,260730880.0,85.05
Node_Pods_Off,Node,Pods Off,rpi4,,2026-02-02 23:54:02,0.0769166666662007,82.1317000011603,0.3998949694527492,0.720589062842354,18237.43333333333,47747.26666666667,,50.56
Node_Pods_Off,Node,Pods Off,rpi4,,2026-02-02 12:38:05,0.6578333333340045,90.1830000003179,0.7129629533341999,0.7350896095445869,67498.1,93619.1,,16.79
Node_Pods_Off,Node,Pods Off,vm-node,,2026-01-31 15:25:02,0.1848333333333092,84.4747999995947,0.5903125332409018,0.7750019775088454,715156.6666666666,1124864.3333333333,,40.86
Node_Pods_Off,Node,Pods Off,vm-node,,2026-02-01 00:30:32,0.2635833333333404,84.13649999996026,0.5773972334320043,0.7757990213480548,937689.2666666668,1412666.6,,38.58
Node_Pods_On,Node,Pods On,vm-node,,2026-01-26 13:17:33,0.2613333333332864,84.00219999998808,0.5848339457975833,0.7613054913554596,603202.5333333333,819329.7666666666,,37.94
Node_Pods_Off,Node,Pods Off,vm-node,,2026-02-02 16:58:33,0.25799999999997,84.44860000014305,0.6050335822866431,0.7819684055302455,752556.0,1590235.0333333332,,37.69
Node_Pods_Off,Node,Pods Off,vm-node,,2026-02-02 21:56:05,0.3030000000001053,84.51589999993642,0.5909754648371199,0.7815041793242219,722295.5333333333,1509502.6333333333,,36.21
Pod_Pods_On,Pod,Pods On,,forecaster-tenant-pool,2026-01-24 04:27:02,0.0028706673232502,0.8235000000008768,,,,,795774976.0,85.46
Pod_Pods_On,Pod,Pods On,,forecaster-tenant-pool,2026-01-24 13:50:02,0.0049772785229278,2.163900000000922,,,,,777289728.0,81.88
Node_Pods_On,Node,Pods On,rpi4,,2026-01-25 16:31:02,0.1081666666667767,83.45949999988079,0.7731308982191603,0.6915962175309494,59800.99999999999,63062.26666666666,,38.76
Pod_Pods_Off,Pod,Pods Off,,forecaster-tenant-pool,2026-01-31 21:48:32,0.0021566043082862,1.3133999999983643,,,,,1118920704.0,81.32
Node_Pods_On,Node,Pods On,vm-node,,2026-01-24 06:47:02,0.1762500000000142,85.12549999977152,0.5327114815078962,0.7599229423124396,713513.4666666667,882255.2333333333,,42.95
Pod_Pods_Off,Pod,Pods Off,,forecaster-tenant-pool,2026-02-01 15:19:06,0.0002513327725368,0.0770999999992151,,,,,1109577728.0,84.95
Pod_Pods_On,Pod,Pods On,,weatherforecaster-berlin-vm,2026-01-26 02:39:02,0.0,0.0,,,,,442634240.0,94.37
Pod_Pods_Off,Pod,Pods Off,,forecaster-tenant-pool,2026-01-31 11:32:33,0.0018356197371417,1.1380000000053767,,,,,1141956608.0,81.56
Node_Pods_On,Node,Pods On,rpi4,,2026-01-25 15:15:32,0.1367500000001958,85.29290000001589,0.778709996100351,0.6911758308523646,37210.7,40684.86666666667,,37.17
Pod_Pods_On,Pod,Pods On,,weatherforecaster-berlin-edge,2026-01-24 15:59:32,0.0087825667975488,2.2141999999992548,,,,,260681728.0,84.61
Node_Pods_On,Node,Pods On,vm-node,,2026-01-25 22:26:32,0.224333333333378,84.86450000007947,0.5524049434956394,0.7603276917528926,814737.6333333333,1064368.0333333334,,40.71
Node_Pods_On,Node,Pods On,vm-node,,2026-01-24 03:30:32,0.1975833333333173,83.89569999997815,0.5379493348411873,0.759801505655897,656105.4666666667,880244.1666666666,,42.03
Node_Pods_Off,Node,Pods Off,vm-node,,2026-02-01 14:45:32,0.2907916666666003,84.27280000001193,0.5769997422270753,0.7747248922457832,760380.9,1262811.4666666666,,37.17
Node_Pods_Off,Node,Pods Off,rpi4,,2026-02-01 07:53:02,0.5350000000000212,94.42730000019074,0.7279168074873261,0.7293603776775206,70291.0,92608.46666666666,,20.83
Pod_Pods_On,Pod,Pods On,,weatherforecaster-berlin-edge,2026-01-25 16:11:32,0.0087518462160614,2.213199999998324,,,,,259633152.0,84.66
Pod_Pods_On,Pod,Pods On,,weathercollector-berlin,2026-01-26 15:45:32,0.0,0.0,,,,,40267776.0,99.84
Node_Pods_On,Node,Pods On,vm-node,,2026-01-24 21:51:32,0.1890126008401387,83.99099999989072,0.5393398238235246,0.7602228092656937,772328.5885725715,1027195.3796919796,,42.55
Node_Pods_Off,Node,Pods Off,rpi4,,2026-02-03 00:59:33,0.0684166666662804,81.77579999963444,0.4016555310022098,0.7206957559171088,12189.8,41396.63333333333,,50.88
Node_Pods_Off,Node,Pods Off,vm-node,,2026-02-02 13:41:02,0.2836666666669989,86.02600000003973,0.5952553716688813,0.7814962175570613,1550129.2333333332,2305455.1,,38.25
Pod_Pods_On,Pod,Pods On,,weathercollector-berlin,2026-01-24 19:33:02,0.0,0.0,,,,,38612992.0,99.86
Pod_Pods_On,Pod,Pods On,,weathercollector-berlin,2026-01-26 07:28:02,0.0,0.0,,,,,40267776.0,99.84
Node_Pods_On,Node,Pods On,vm-node,,2026-01-25 10:56:02,0.1310000000000954,84.01480000019073,0.5439450503095344,0.7602348307458123,577053.1333333333,719806.7666666666,,44.29
Node_Pods_Off,Node,Pods Off,rpi4,,2026-02-03 00:19:02,0.0899999999998954,82.73930000066757,0.4019550240478357,0.7206307024089355,26200.866666666665,54396.9,,49.91
Pod_Pods_On,Pod,Pods On,,weathercollector-berlin,2026-01-25 05:33:32,0.0,0.0,,,,,38612992.0,99.86
Node_Pods_On,Node,Pods On,rpi4,,2026-01-25 22:32:02,0.1517500000002807,82.61970000068347,0.7739513843754062,0.6914807442280976,20353.466666666667,26484.266666666663,,37.03
Node_Pods_Off,Node,Pods Off,vm-node,,2026-01-31 17:33:32,0.2177500000001938,84.5778000002106,0.5820521158921754,0.7751469447346693,996452.2,1479300.566666667,,40.35
Node_Pods_On,Node,Pods On,rpi4,,2026-01-25 16:46:32,0.0979166666665454,82.96859999994437,0.7726161445469908,0.691812929524435,32812.23333333333,40237.26666666667,,39.2
Pod_Pods_On,Pod,Pods On,,forecaster-tenant-pool,2026-01-25 22:31:02,0.0014541196069781,0.169600000002174,,,,,807706624.0,87.61
Pod_Pods_On,Pod,Pods On,,weathercollector-berlin,2026-01-26 09:11:02,0.0,0.0,,,,,40267776.0,99.84
Pod_Pods_On,Pod,Pods On,,weatherforecaster-berlin-vm,2026-01-26 04:49:32,0.0040389818514823,2.203299999999581,,,,,442630144.0,87.42
Node_Pods_On,Node,Pods On,vm-node,,2026-01-24 10:48:02,0.152041666666746,84.71169999986887,0.5345894022954204,0.75991821254977,728787.6,899443.4666666667,,43.95
Pod_Pods_On,Pod,Pods On,,weathercollect-thess,2026-01-26 18:58:03,0.0,0.0,,,,,28692480.0,100.0
Node_Pods_Off,Node,Pods Off,rpi4,,2026-02-01 15:20:03,0.6083333333328179,87.64109999934834,0.7150479656830885,0.7322351041767412,95478.13333333332,109959.06666666664,,19.15
Pod_Pods_On,Pod,Pods On,,weathercollect-thess,2026-01-26 18:24:33,0.0,0.0,,,,,28692480.0,100.0
Node_Pods_On,Node,Pods On,vm-node,,2026-01-25 08:13:02,0.1792916666665676,83.62999999995033,0.5444678985080571,0.7599858087412567,608117.2666666667,783570.6666666666,,42.48
Node_Pods_Off,Node,Pods Off,vm-node,,2026-01-31 17:24:02,0.2087499999999077,83.8154999996225,0.5797062362305079,0.7751342532048392,768754.3,1258438.3333333333,,40.45
Node_Pods_Off,Node,Pods Off,vm-node,,2026-02-02 09:54:32,0.1983749999998887,84.2266999999682,0.5744597417840661,0.7749885765146147,804342.0,1324398.066666667,,41.05
Node_Pods_Off,Node,Pods Off,vm-node,,2026-02-01 15:27:33,0.2217916666668846,84.38159999996424,0.5889904429288554,0.7748068747987233,987578.7,1511979.2666666666,,40.03
Pod_Pods_On,Pod,Pods On,,weathercollect-thess,2026-01-27 00:07:03,0.0,0.0,,,,,28573696.0,100.0
Node_Pods_On,Node,Pods On,vm-node,,2026-01-26 03:30:32,0.2508750000001502,84.26690000022451,0.5533502325919908,0.7605013528722457,698168.3333333333,924499.6,,39.46
Pod_Pods_On,Pod,Pods On,,weatherforecaster-berlin-edge,2026-01-24 23:21:02,0.0098171908221073,2.478000000002794,,,,,260747264.0,83.16
Node_Pods_Off,Node,Pods Off,rpi4,,2026-02-02 18:05:03,0.0730000000007673,81.82170000076296,0.4070297673209411,0.7222091479600138,12334.833333333332,39575.66666666666,,50.5
Pod_Pods_On,Pod,Pods On,,forecaster-tenant-pool,2026-01-25 18:29:33,0.0016057873958483,0.9423000000033124,,,,,805388288.0,86.61
Pod_Pods_On,Pod,Pods On,,weathercollector-berlin,2026-01-25 10:00:03,0.0,0.0,,,,,39436288.0,99.85
Node_Pods_Off,Node,Pods Off,vm-node,,2026-01-31 10:30:34,0.2293333333333001,84.80509999990463,0.5907714858844374,0.774848063148638,974544.3,1586224.433333333,,39.64
Node_Pods_Off,Node,Pods Off,vm-node,,2026-02-01 07:49:32,0.2447083333333334,84.2430999999245,0.5951240510901555,0.774838051817654,918983.9333333332,1317176.5333333334,,38.74
Pod_Pods_On,Pod,Pods On,,weathercollector-berlin,2026-01-24 19:16:32,0.0,0.0,,,,,38617088.0,99.86
Pod_Pods_On,Pod,Pods On,,weathercollect-thess,2026-01-26 15:05:34,0.0,0.0,,,,,28692480.0,100.0
Node_Pods_Off,Node,Pods Off,rpi4,,2026-02-02 04:28:02,0.7136666666666693,93.31599999864896,0.7286312231899129,0.7344977423505921,116515.43333333332,142385.9,,13.78
Pod_Pods_On,Pod,Pods On,,weathercollector-berlin,2026-01-24 08:20:32,0.0,0.0,,,,,38617088.0,99.86
Node_Pods_Off,Node,Pods Off,vm-node,,2026-02-02 17:18:02,0.312708333333336,85.2680999999245,0.5996221764554251,0.7819199254628818,1393221.3333333333,2165359.333333333,,36.75
Pod_Pods_Off,Pod,Pods Off,,forecaster-tenant-pool,2026-02-01 21:28:05,0.0013200061252448,0.6046000000030592,,,,,1112719360.0,83.13
Node_Pods_On,Node,Pods On,rpi4,,2026-01-26 09:33:02,0.1104166666667652,83.31899999976159,0.7851844533991941,0.6920533215270307,42886.13333333333,49162.93333333333,,38.3
Node_Pods_Off,Node,Pods Off,rpi4,,2026-02-01 15:06:32,0.6544166666666418,91.10889999866484,0.7183361497465228,0.7319552011477088,60265.76666666667,81845.23333333334,,16.69
Node_Pods_Off,Node,Pods Off,rpi4,,2026-02-01 13:00:32,0.6729166666661209,90.0748000005881,0.7192439880410763,0.731801813223529,110315.3,128928.83333333334,,16.15
Pod_Pods_On,Pod,Pods On,,forecaster-tenant-pool,2026-01-26 09:24:32,0.0052962402679728,3.2043999999993806,,,,,849162240.0,79.38
Pod_Pods_On,Pod,Pods On,,weathercollect-thess,2026-01-25 08:17:32,0.0,0.0,,,,,28827648.0,100.0
Pod_Pods_On,Pod,Pods On,,weatherforecaster-berlin-edge,2026-01-25 06:16:33,0.0,0.0,,,,,260792320.0,96.84
Pod_Pods_Off,Pod,Pods Off,,forecaster-tenant-pool,2026-01-31 13:20:32,0.0022667857255114,1.2717999999971654,,,,,1141473280.0,80.94
Pod_Pods_Off,Pod,Pods Off,,forecaster-tenant-pool,2026-02-02 09:05:02,0.0002414512555972,0.0826000000002143,,,,,1114435584.0,84.88
Pod_Pods_On,Pod,Pods On,,weathercollector-berlin,2026-01-24 17:37:02,0.0,0.0,,,,,38612992.0,99.86
Pod_Pods_On,Pod,Pods On,,weathercollector-berlin,2026-01-26 05:55:32,0.0,0.0,,,,,40267776.0,99.84
Pod_Pods_On,Pod,Pods On,,weathercollector-berlin,2026-01-24 05:38:32,0.0,0.0,,,,,38612992.0,99.86
Pod_Pods_On,Pod,Pods On,,weathercollect-thess,2026-01-26 07:14:03,0.0,0.0,,,,,28581888.0,100.0
Node_Pods_On,Node,Pods On,rpi4,,2026-01-24 11:12:03,0.093249999999936,82.52939999997618,0.7784042636162746,0.6926301559062532,19478.6,24483.63333333333,,39.23
Node_Pods_Off,Node,Pods Off,vm-node,,2026-02-01 07:44:32,0.2151249999998879,84.47589999983708,0.596377621026092,0.7748325731758949,893332.6666666666,1447379.9666666666,,39.9
Node_Pods_On,Node,Pods On,vm-node,,2026-01-25 11:38:02,0.1696250000000321,84.27999999995033,0.5459865437178255,0.7609236418492653,665051.7999999999,846548.7666666667,,42.83
Pod_Pods_On,Pod,Pods On,,forecaster-tenant-pool,2026-01-25 09:24:32,0.0055138485128335,2.7195000000030025,,,,,804028416.0,80.3
Node_Pods_On,Node,Pods On,vm-node,,2026-01-25 15:23:02,0.1422916666666717,84.38459999983509,0.5471614916946732,0.7601037769051748,574121.5333333333,711908.9333333333,,43.69
Pod_Pods_On,Pod,Pods On,,forecaster-tenant-pool,2026-01-25 22:07:02,0.0019454375398898,0.3463000000007923,,,,,807567360.0,86.87
Node_Pods_Off,Node,Pods Off,vm-node,,2026-01-31 08:05:33,0.2412916666666963,84.88909999976555,0.5935095016949969,0.7748896456454417,907009.4333333332,1421394.433333333,,38.88
Pod_Pods_On,Pod,Pods On,,weatherforecaster-berlin-vm,2026-01-26 23:29:03,0.0,0.0,,,,,442716160.0,94.37
Node_Pods_Off,Node,Pods Off,rpi4,,2026-02-02 12:55:08,0.6273333333322322,95.75660000046096,0.7210679838814507,0.7304181290956937,138438.63333333333,164070.06666666668,,17.27
Pod_Pods_On,Pod,Pods On,,weathercollector-berlin,2026-01-26 17:39:32,0.0,0.0,,,,,40267776.0,99.84
Pod_Pods_On,Pod,Pods On,,weatherforecaster-berlin-edge,2026-01-26 21:17:32,0.0,0.0,,,,,259506176.0,96.86
Pod_Pods_On,Pod,Pods On,,weatherforecaster-berlin-vm,2026-01-25 00:10:03,0.0,0.0,,,,,442486784.0,94.38
Node_Pods_Off,Node,Pods Off,vm-node,,2026-02-02 19:41:35,0.3438333333331694,84.74170000006755,0.6004193495700255,0.7812162550217085,1111160.9,1891949.4,,35.02
Pod_Pods_On,Pod,Pods On,,forecaster-tenant-pool,2026-01-24 15:04:02,0.0014566263527334,0.2120999999996456,,,,,778313728.0,87.96
Pod_Pods_Off,Pod,Pods Off,,forecaster-tenant-pool,2026-02-01 19:30:02,0.0003655723581111,0.2019000000028124,,,,,1111433216.0,84.65
Pod_Pods_On,Pod,Pods On,,weatherforecaster-berlin-edge,2026-01-24 06:02:02,0.0098995873316724,2.396000000000156,,,,,260374528.0,83.17
Pod_Pods_On,Pod,Pods On,,weatherforecaster-berlin-edge,2026-01-25 23:42:02,0.0,0.0,,,,,259637248.0,96.86
Pod_Pods_On,Pod,Pods On,,weathercollect-thess,2026-01-24 09:10:02,0.0,0.0,,,,,28655616.0,100.0
Pod_Pods_On,Pod,Pods On,,weatherforecaster-berlin-edge,2026-01-25 08:30:02,0.0065216300313413,0.0,,,,,260788224.0,89.59
Pod_Pods_On,Pod,Pods On,,weatherforecaster-berlin-vm,2026-01-24 09:33:02,0.0,0.0,,,,,442273792.0,94.38
Pod_Pods_On,Pod,Pods On,,weatherforecaster-berlin-vm,2026-01-25 03:23:02,0.0,0.0,,,,,442519552.0,94.38
Pod_Pods_On,Pod,Pods On,,weatherforecaster-berlin-edge,2026-01-25 19:24:33,0.0083417146161984,0.0,,,,,259637248.0,87.58
Pod_Pods_On,Pod,Pods On,,weatherforecaster-berlin-edge,2026-01-24 09:56:32,0.0,0.0,,,,,260558848.0,96.85
Pod_Pods_On,Pod,Pods On,,forecaster-tenant-pool,2026-01-24 20:59:33,0.0025981704935002,3.698999999999554,,,,,753188864.0,83.14
Node_Pods_Off,Node,Pods Off,rpi4,,2026-01-31 20:20:32,0.5439166666670038,98.70949999888738,0.7271150396464319,0.7317153412801493,125442.33333333334,144774.53333333333,,19.99
Pod_Pods_On,Pod,Pods On,,weathercollect-thess,2026-01-26 00:44:33,0.0,0.0,,,,,28573696.0,100.0
Pod_Pods_On,Pod,Pods On,,weatherforecaster-berlin-edge,2026-01-24 02:57:33,0.0,0.0,,,,,257396736.0,96.89
Node_Pods_On,Node,Pods On,vm-node,,2026-01-26 18:14:32,0.1997500000000601,84.26229999984304,0.5687494264613279,0.7614104132573474,710904.3333333334,950118.6333333332,,41.07
Pod_Pods_On,Pod,Pods On,,weathercollector-berlin,2026-01-26 11:21:32,0.0,0.0,,,,,40267776.0,99.84
Pod_Pods_Off,Pod,Pods Off,,forecaster-tenant-pool,2026-01-31 03:50:32,0.0020134476061153,1.2164999999945698,,,,,1139077120.0,81.31
Pod_Pods_On,Pod,Pods On,,weatherforecaster-berlin-vm,2026-01-24 22:57:32,0.0039789035396047,0.0,,,,,442482688.0,89.95
Pod_Pods_On,Pod,Pods On,,weatherforecaster-berlin-edge,2026-01-24 20:48:32,0.0088562326921683,2.235800000000745,,,,,260730880.0,84.5
Pod_Pods_On,Pod,Pods On,,weathercollector-berlin,2026-01-24 12:33:02,0.0,0.0,,,,,38612992.0,99.86
Node_Pods_On,Node,Pods On,vm-node,,2026-01-25 17:54:32,0.2129166666667337,83.80189999987681,0.5481077544375768,0.7602845720832213,722398.1333333333,972984.0,,41.26
Pod_Pods_On,Pod,Pods On,,forecaster-tenant-pool,2026-01-24 05:01:02,0.0030107883622375,0.972300000000026,,,,,795353088.0,85.15
Pod_Pods_On,Pod,Pods On,,weathercollector-berlin,2026-01-26 01:51:32,0.0,0.0,,,,,40267776.0,99.84
Node_Pods_Off,Node,Pods Off,rpi4,,2026-02-02 03:15:02,0.5299999999982371,96.68270000020662,0.7266470817626414,0.7322235302397042,75412.76666666668,104098.33333333331,,20.73
Pod_Pods_On,Pod,Pods On,,weatherforecaster-berlin-vm,2026-01-26 03:51:03,0.0,0.0,,,,,442634240.0,94.37
Node_Pods_On,Node,Pods On,vm-node,,2026-01-25 09:07:34,0.2068749999999545,83.97129999995232,0.5476337102724823,0.7601025156351296,745825.0,992328.4666666668,,41.54
Node_Pods_On,Node,Pods On,rpi4,,2026-01-24 12:16:32,0.1148333333331038,84.0235000004371,0.7700995710386065,0.6921250267231563,20434.266666666663,25216.0,,38.42
Pod_Pods_On,Pod,Pods On,,weathercollector-berlin,2026-01-26 07:08:02,0.0,0.0,,,,,40267776.0,99.84
Pod_Pods_On,Pod,Pods On,,forecaster-tenant-pool,2026-01-26 15:33:03,0.0033422061412085,0.7851999999976518,,,,,956710912.0,82.8
Node_Pods_On,Node,Pods On,vm-node,,2026-01-25 15:13:32,0.2072499999999754,83.56550000011921,0.5474067289200044,0.7600505670751416,675765.8,926045.0666666668,,41.45
Pod_Pods_On,Pod,Pods On,,weathercollector-berlin,2026-01-26 12:20:06,0.0,0.0,,,,,40267776.0,99.84
Pod_Pods_On,Pod,Pods On,,weatherforecaster-berlin-vm,2026-01-26 00:44:33,0.0,0.0,,,,,442617856.0,94.37
Node_Pods_On,Node,Pods On,vm-node,,2026-01-25 00:12:32,0.2242916666666199,83.39659999981522,0.5419747548053717,0.7600211637172121,660473.4666666667,891574.2,,40.91
Node_Pods_On,Node,Pods On,vm-node,,2026-01-25 10:15:02,0.1979583333332741,83.68410000006358,0.547059502218332,0.7602357372836573,539908.7333333334,685123.6333333333,,41.49
Node_Pods_On,Node,Pods On,rpi4,,2026-01-24 22:31:32,0.1030833333332414,83.14350000023842,0.7701640452359287,0.6923531796199199,38329.3,43444.3,,39.04
Pod_Pods_On,Pod,Pods On,,weatherforecaster-berlin-edge,2026-01-24 04:50:02,0.0,0.0,,,,,257429504.0,96.89
Pod_Pods_On,Pod,Pods On,,weatherforecaster-berlin-vm,2026-01-24 23:19:02,0.0,0.0,,,,,442486784.0,94.38
Pod_Pods_Off,Pod,Pods Off,,forecaster-tenant-pool,2026-02-02 17:38:04,0.0011387024324161,0.0779999999951542,,,,,1115643904.0,83.88
Node_Pods_Off,Node,Pods Off,rpi4,,2026-02-02 01:58:33,0.6205000000004096,93.92680000066758,0.7291189392954635,0.7321375904313606,107914.06666666668,136327.8,,17.45
Node_Pods_On,Node,Pods On,rpi4,,2026-01-26 05:51:02,0.0918333333334658,82.57549999952316,0.7756245937865592,0.6912362281789713,20184.066666666666,24508.666666666664,,39.39
Node_Pods_On,Node,Pods On,rpi4,,2026-01-25 14:16:02,0.4323333333330462,82.8751999994119,0.7753604575588197,0.6913595504736069,36141.66666666666,41236.333333333336,,25.73
Node_Pods_On,Node,Pods On,rpi4,,2026-01-25 10:36:02,0.1025000000002971,83.04960000018279,0.783911607955284,0.6914537383750112,37397.9,43447.26666666666,,38.69
Node_Pods_On,Node,Pods On,rpi4,,2026-01-26 09:24:32,0.1053333333335407,83.15940000017484,0.7853539581437671,0.6919935893692191,26792.83333333333,31950.366666666665,,38.49
Pod_Pods_On,Pod,Pods On,,weatherforecaster-berlin-edge,2026-01-25 08:04:03,0.0097633349177413,2.4159999999993795,,,,,260784128.0,83.29
Pod_Pods_On,Pod,Pods On,,weathercollect-thess,2026-01-25 02:06:32,0.0,0.0,,,,,28827648.0,100.0
Pod_Pods_On,Pod,Pods On,,forecaster-tenant-pool,2026-01-25 05:01:02,0.0021756420880512,1.0066999999992428,,,,,801632256.0,85.95
Node_Pods_On,Node,Pods On,rpi4,,2026-01-25 10:21:02,0.0929999999999002,82.53129999935626,0.7813378395944365,0.6915622939223927,20037.6,24286.7,,39.18
Node_Pods_Off,Node,Pods Off,vm-node,,2026-02-02 16:59:33,0.2636250000001601,84.50729999989271,0.6059758287375188,0.7819714404612917,708810.7,1555680.0,,37.35
Pod_Pods_Off,Pod,Pods Off,,forecaster-tenant-pool,2026-02-01 09:51:33,0.002623890717627,1.5550000000008972,,,,,1157496832.0,80.01
Node_Pods_Off,Node,Pods Off,rpi4,,2026-02-01 09:48:32,0.6078333333337772,90.95619999965032,0.7173264006239438,0.7320560407370655,129463.33333333334,149651.66666666666,,18.74
Pod_Pods_Off,Pod,Pods Off,,forecaster-tenant-pool,2026-01-31 18:08:04,0.0006154230841513,0.091200000003846,,,,,1117167616.0,84.42
Node_Pods_On,Node,Pods On,vm-node,,2026-01-25 23:01:02,0.1762916666666459,85.21430000017087,0.5465592913021476,0.7603074720174801,834642.4666666667,1023600.3,,42.77
Node_Pods_Off,Node,Pods Off,rpi4,,2026-02-01 21:03:02,0.580833333334067,94.11939999858538,0.7205750682438581,0.7319196811340436,79870.16666666667,102328.13333333332,,19.22
Node_Pods_Off,Node,Pods Off,vm-node,,2026-02-02 02:32:32,0.2392083333333962,83.88760000020265,0.5806008957061457,0.7750457672282283,1024565.4333333332,1579738.066666667,,39.73
Pod_Pods_Off,Pod,Pods Off,,forecaster-tenant-pool,2026-01-31 21:27:01,0.0016034498744498,0.2341000000016113,,,,,1118887936.0,83.14
Node_Pods_Off,Node,Pods Off,vm-node,,2026-01-31 04:09:02,0.2466250000001892,84.51049999992053,0.5903128983583589,0.7747683666476548,828155.1,1279036.7666666666,,38.62
Node_Pods_Off,Node,Pods Off,rpi4,,2026-01-31 13:23:02,0.6307500000001179,92.90929999947548,0.7142857142857143,0.7344803149281571,134897.3,154404.03333333333,,17.61
Pod_Pods_On,Pod,Pods On,,weathercollect-thess,2026-01-24 20:30:02,0.0,0.0,,,,,28655616.0,100.0
Node_Pods_On,Node,Pods On,vm-node,,2026-01-24 12:42:32,0.2125416666666671,85.72970000008742,0.5407278786894815,0.7600688554907975,1019458.5333333332,1280174.4666666666,,41.83
Node_Pods_Off,Node,Pods Off,vm-node,,2026-01-31 14:42:32,0.2042916666666647,84.58380000044902,0.584472114397628,0.7749204679321722,943328.3666666668,1529421.433333333,,40.79
Pod_Pods_On,Pod,Pods On,,weathercollect-thess,2026-01-24 10:06:32,0.0,0.0,,,,,28655616.0,100.0
Pod_Pods_On,Pod,Pods On,,weathercollect-thess,2026-01-24 04:46:02,0.0,0.0,,,,,28614656.0,100.0
Pod_Pods_On,Pod,Pods On,,weathercollector-berlin,2026-01-24 17:52:34,0.0,0.0,,,,,38612992.0,99.86
Pod_Pods_On,Pod,Pods On,,weathercollect-thess,2026-01-24 15:58:32,0.0,0.0,,,,,28655616.0,100.0
Pod_Pods_On,Pod,Pods On,,forecaster-tenant-pool,2026-01-24 22:56:02,0.0015338922205177,1.7677000000011809,,,,,754241536.0,86.46
Node_Pods_On,Node,Pods On,rpi4,,2026-01-26 17:31:32,0.0937500000005305,82.61539999941985,0.8183501884830365,0.6922530051993584,21456.366666666665,25669.4,,38.03
Pod_Pods_Off,Pod,Pods Off,,forecaster-tenant-pool,2026-02-01 07:33:02,0.0004777894623051,0.1063000000048002,,,,,1156673536.0,84.02
Pod_Pods_On,Pod,Pods On,,weathercollector-berlin,2026-01-26 02:32:32,0.0,0.0,,,,,40267776.0,99.84
Pod_Pods_On,Pod,Pods On,,weathercollect-thess,2026-01-24 12:47:32,0.0,0.0,,,,,28655616.0,100.0
Node_Pods_Off,Node,Pods Off,vm-node,,2026-02-01 03:28:05,0.1869999999998584,83.95,0.5906380963067882,0.7747455849574628,1009728.3666666666,1525580.2,,41.47
Node_Pods_On,Node,Pods On,rpi4,,2026-01-26 20:47:32,0.1400833333333442,85.23410000006358,0.8206151046405823,0.6921290177359277,95714.73333333334,99459.0,,35.91
Node_Pods_On,Node,Pods On,vm-node,,2026-01-26 12:09:33,0.2200416666666411,85.21790000001589,0.567239544070529,0.761240102386552,667966.1,900176.7999999999,,40.09
Pod_Pods_On,Pod,Pods On,,weatherforecaster-berlin-edge,2026-01-26 14:51:07,0.0,0.0,,,,,258744320.0,96.87
Node_Pods_Off,Node,Pods Off,vm-node,,2026-02-01 23:02:02,0.1882083333333227,83.8930999999245,0.5768462711892873,0.774957005348795,804190.2333333333,1337345.7,,41.44
Pod_Pods_On,Pod,Pods On,,weathercollector-berlin,2026-01-25 06:06:03,0.0,0.0,,,,,38617088.0,99.86
Node_Pods_Off,Node,Pods Off,vm-node,,2026-02-01 20:33:02,0.159250000000129,84.1082000002265,0.5781228435250192,0.7747734511425247,730707.8333333334,1239415.6333333333,,42.39
Node_Pods_Off,Node,Pods Off,vm-node,,2026-02-02 11:11:33,0.2716666666667787,84.78010000040133,0.5896581210520153,0.7811726229610813,931836.3,1744868.5,,37.9
Pod_Pods_On,Pod,Pods On,,forecaster-tenant-pool,2026-01-24 14:28:32,0.0059441911178965,1.3267999999996998,,,,,777252864.0,81.74
Pod_Pods_On,Pod,Pods On,,weatherforecaster-berlin-vm,2026-01-26 09:35:02,0.0,2.3334000000012263,,,,,442683392.0,91.77
Pod_Pods_Off,Pod,Pods Off,,forecaster-tenant-pool,2026-02-02 06:21:02,0.0004720866417929,0.2573999999996886,,,,,1113575424.0,84.44
Pod_Pods_On,Pod,Pods On,,weathercollector-berlin,2026-01-26 23:31:32,0.0,0.0,,,,,40271872.0,99.84
Pod_Pods_Off,Pod,Pods Off,,forecaster-tenant-pool,2026-02-01 12:43:02,0.0003025676787785,0.1103999999987233,,,,,1129107456.0,84.59
Node_Pods_Off,Node,Pods Off,rpi4,,2026-02-02 14:28:03,0.138416666666861,81.36470000147821,0.32348888600026,0.7191025436187763,6892.533333333334,22966.0,,50.44
Node_Pods_Off,Node,Pods Off,rpi4,,2026-02-01 01:48:33,0.5184166666664927,98.83519999980928,0.7108332250097491,0.7317209286980292,142633.9,165743.93333333332,,21.51
Node_Pods_On,Node,Pods On,rpi4,,2026-01-25 17:04:34,0.1180833333335385,84.18359999954703,0.7820626543611074,0.691447352754577,20437.533333333333,25499.6,,37.93
Node_Pods_On,Node,Pods On,vm-node,,2026-01-24 16:52:10,0.2185416666667336,83.953800000002,0.5407727881367009,0.7599590855821733,684914.6,915726.5333333332,,41.15
Pod_Pods_On,Pod,Pods On,,weathercollect-thess,2026-01-24 22:50:02,0.0,0.234900000000016,,,,,28827648.0,99.73
Pod_Pods_On,Pod,Pods On,,weathercollector-berlin,2026-01-25 15:41:02,0.0,0.0,,,,,39440384.0,99.85
Pod_Pods_On,Pod,Pods On,,forecaster-tenant-pool,2026-01-25 03:18:02,0.0007229145434343,0.140299999999479,,,,,800391168.0,88.55
Node_Pods_Off,Node,Pods Off,rpi4,,2026-01-31 07:27:32,0.5418333333333748,99.42059999903044,0.7192980631743143,0.7339733232724336,134593.56666666665,159085.6,,20.19
Node_Pods_On,Node,Pods On,vm-node,,2026-01-24 21:47:02,0.1608333333334419,84.00879999995232,0.5409974570786173,0.7601965984975663,660014.0,841064.5333333333,,43.37
Pod_Pods_On,Pod,Pods On,,forecaster-tenant-pool,2026-01-25 01:41:33,0.0062294484353016,3.677799999999024,,,,,811667456.0,78.33
Pod_Pods_On,Pod,Pods On,,forecaster-tenant-pool,2026-01-24 17:07:02,0.0021296240180242,0.7658999999997832,,,,,750231552.0,86.97
Pod_Pods_On,Pod,Pods On,,weathercollector-berlin,2026-01-25 18:43:02,0.0,0.0,,,,,40251392.0,99.84
Node_Pods_Off,Node,Pods Off,rpi4,,2026-01-31 10:40:04,0.6350833333333412,93.90130000114442,0.7173264006239438,0.7344272344582978,129803.9,149832.76666666666,,17.21
Pod_Pods_On,Pod,Pods On,,weatherforecaster-berlin-vm,2026-01-24 13:53:03,0.0,0.0,,,,,442372096.0,94.38
Node_Pods_Off,Node,Pods Off,rpi4,,2026-02-01 16:26:01,0.5490000000005163,91.104699999094,0.7088449239568438,0.7295570015733903,78571.2,98168.6,,21.28
Pod_Pods_On,Pod,Pods On,,weathercollector-berlin,2026-01-24 03:31:02,0.0,0.0,,,,,38612992.0,99.86
Node_Pods_Off,Node,Pods Off,rpi4,,2026-02-03 00:35:32,0.0687499999994618,81.66310000022253,0.3989413752762251,0.7206620983760702,11944.766666666666,38543.7,,50.96
Pod_Pods_On,Pod,Pods On,,forecaster-tenant-pool,2026-01-26 14:26:32,0.0018654169982267,0.997500000001552,,,,,955289600.0,84.22
Node_Pods_Off,Node,Pods Off,vm-node,,2026-02-01 19:55:02,0.2669583333333193,83.70990000019471,0.5873699299485647,0.7748101856325921,862520.3,1333879.933333333,,38.08
Pod_Pods_On,Pod,Pods On,,forecaster-tenant-pool,2026-01-25 22:37:02,0.0017143514087551,0.0756000000005769,,,,,807841792.0,87.42
Pod_Pods_On,Pod,Pods On,,weatherforecaster-berlin-edge,2026-01-26 05:39:32,0.0,2.8837999999988826,,,,,259674112.0,93.64
Node_Pods_On,Node,Pods On,rpi4,,2026-01-25 03:32:32,0.0997499999999187,82.49729999999205,0.7826876381125699,0.6913070021387837,19188.63333333333,24698.5,,38.87
Node_Pods_On,Node,Pods On,rpi4,,2026-01-24 18:37:02,0.1406666666667964,83.10749999980132,0.771542961133498,0.6923088793781577,36201.6,41200.26666666666,,37.49
Pod_Pods_On,Pod,Pods On,,forecaster-tenant-pool,2026-01-25 05:53:33,0.0014625802386245,0.9297000000005028,,,,,801099776.0,86.84
Pod_Pods_On,Pod,Pods On,,weatherforecaster-berlin-vm,2026-01-25 08:38:02,0.0,0.0,,,,,442535936.0,94.37
Pod_Pods_On,Pod,Pods On,,weatherforecaster-berlin-vm,2026-01-25 21:50:02,0.0,0.0,,,,,442617856.0,94.37
Node_Pods_Off,Node,Pods Off,vm-node,,2026-01-31 06:43:02,0.2229999999999696,84.3195999999841,0.591712636982942,0.7749598432063968,861890.2333333333,1368692.566666667,,39.65
Pod_Pods_On,Pod,Pods On,,weatherforecaster-berlin-vm,2026-01-26 06:32:32,0.0,0.0,,,,,442650624.0,94.37
Pod_Pods_On,Pod,Pods On,,weatherforecaster-berlin-vm,2026-01-26 05:19:32,0.0,0.0,,,,,442634240.0,94.37
Pod_Pods_On,Pod,Pods On,,forecaster-tenant-pool,2026-01-26 10:06:33,0.0026845487834995,1.6379999999999806,,,,,848900096.0,84.04
Pod_Pods_On,Pod,Pods On,,weathercollect-thess,2026-01-26 20:30:02,0.0,0.0,,,,,28696576.0,100.0
Pod_Pods_On,Pod,Pods On,,weathercollector-berlin,2026-01-26 01:36:02,0.0,0.0,,,,,40267776.0,99.84
Node_Pods_Off,Node,Pods Off,rpi4,,2026-01-31 22:39:02,0.7128333333328707,93.04660000006358,0.7210523852853243,0.7343943751198135,69567.3,91602.0,,13.98
Node_Pods_On,Node,Pods On,vm-node,,2026-01-25 00:29:02,0.2389166666667225,83.75560000017285,0.5471175558940059,0.7600054766710246,597436.3333333334,743437.1,,39.95
Pod_Pods_On,Pod,Pods On,,forecaster-tenant-pool,2026-01-26 22:54:32,0.0046851901691369,0.9877000000007684,,,,,884248576.0,82.06
Pod_Pods_On,Pod,Pods On,,weatherforecaster-berlin-edge,2026-01-25 16:40:02,0.0,0.0,,,,,259641344.0,96.86
Pod_Pods_On,Pod,Pods On,,weathercollect-thess,2026-01-25 07:16:32,0.0,0.0,,,,,28827648.0,100.0
Node_Pods_On,Node,Pods On,rpi4,,2026-01-26 03:32:32,0.0843333333333854,82.40770000020663,0.7908800207981281,0.6917199389268619,19058.3,24148.566666666666,,39.26
Pod_Pods_On,Pod,Pods On,,weatherforecaster-berlin-edge,2026-01-27 00:12:33,0.0102332892811051,2.370399999998821,,,,,259473408.0,82.84
Node_Pods_Off,Node,Pods Off,vm-node,,2026-02-02 14:41:02,0.2523333333331777,85.94350000023842,0.5991505664067112,0.781697823690854,1295150.2666666666,2003584.7,,38.87
Pod_Pods_On,Pod,Pods On,,weathercollect-thess,2026-01-25 11:31:02,0.0,0.0,,,,,28827648.0,100.0
Node_Pods_Off,Node,Pods Off,vm-node,,2026-02-01 13:19:02,0.2138750000000689,84.34969999988874,0.5932771652864821,0.7747665929866537,697693.6333333333,1161196.7666666666,,39.62
Pod_Pods_On,Pod,Pods On,,weatherforecaster-berlin-edge,2026-01-26 08:29:02,0.0097220001705402,2.364199999999255,,,,,259698688.0,83.41
Pod_Pods_On,Pod,Pods On,,weathercollect-thess,2026-01-25 09:31:32,0.0,0.0,,,,,28827648.0,100.0
Pod_Pods_On,Pod,Pods On,,weatherforecaster-berlin-edge,2026-01-26 08:58:03,0.0095190266096875,2.3743999999986656,,,,,259715072.0,83.62
Pod_Pods_On,Pod,Pods On,,weatherforecaster-berlin-edge,2026-01-26 04:04:02,0.0054181398727349,1.325,,,,,259665920.0,89.36
Node_Pods_Off,Node,Pods Off,rpi4,,2026-01-31 09:11:02,0.6107499999999769,88.07730000019073,0.7156812686858183,0.7345689154116816,80803.33333333333,103475.1,,18.91
Pod_Pods_On,Pod,Pods On,,weathercollector-berlin,2026-01-26 09:19:32,0.0,0.0,,,,,40267776.0,99.84
Node_Pods_Off,Node,Pods Off,vm-node,,2026-02-02 05:40:03,0.2347499999999038,84.38159999996424,0.5757965585002143,0.7747866156486218,864224.3999999999,1378126.1333333333,,39.65
Node_Pods_On,Node,Pods On,rpi4,,2026-01-25 15:02:03,0.0881666666662492,82.34620000024638,0.7738161965423112,0.6914488161259266,19079.533333333333,23839.533333333333,,39.62
Node_Pods_Off,Node,Pods Off,vm-node,,2026-02-01 07:30:02,0.1840833333333834,84.21720000008742,0.5923094823194306,0.7748081754834575,1117485.3,1740565.9999999998,,41.78
